1,1,1,1,1,1,1,1,1,1,1,1,1,1,1,1
Defeat Boss,,Battez le boss,,Sconfiggi il boss,,Boss besiegen,,Derrota al jefe.,,ボスを倒せ,,보스 물리치기,,击败大佬,
Proceed through the Brookstead Trials by defeating Sterling and his allies.,,Progressez dans les Épreuves de Brookstead en battant Sterling et ses alliés.,,Supera le Prove di Sottoroggia sconfiggendo Sterling e i suoi alleati.,,Sterling und seine Verbündeten besiegen und die Brookstead-Prüfungen bestehen,,Supera las pruebas de Brookstead derrotando a Sterling y sus aliados.,,スターリングとその仲間を倒し、ブルックステッドの試験に合格しよう。,,스털링과 그의 동맹군을 물리치고 브룩스테드의 시험을 통과하십시오.,,击败斯特林和他的盟友，继续布鲁克斯特德大比考验。,
Survive for 7 turns,,Survivez pendant 7 tours,,Sopravvivi per 7 turni,,7 Runden überleben,,Sobrevive durante 7 turnos.,,7ターンの間生き残れ,,7턴 동안 생존,,生存 7 回合,
Defend the Duskwater inn for 7 turns until Lincoln and Bianca arrive with reinforcements.,,Défendez l’Auberge d’Aquanuit pendant 7 tours en attendant l’arrivée des renforts avec Lincoln et Bianca.,,"Difendi la locanda di Acquabruma per 7 turni, fino a quando Bianca e Lincoln arriveranno con i rinforzi.",,"Das Wirtshaus in Duskwater 7 Runden lang verteidigen, bis Lincoln und Bianca mit Verstärkung eintreffen",,Defiende la posada de Duskwater durante 7 turnos hasta que lleguen Lincoln y Bianca con refuerzos.,,リンカーンとビアンカが到着するまで、ダスクウォーターの宿屋を7ターン守ろう。,,링컨과 비앙카가 지원군을 이끌고 도착할 때까지 7턴 동안 더스크워터 여관을 방어하십시오.,,保卫暮水旅馆 7 回合，直到林肯和比安卡带着增援到达。,
Rout for 9 turns,,Mettez les ennemis en déroute pendant 9 tours.,,Resisti per 9 turni,,9 Runden vernichtend schlagen,,Domina durante 9 turnos.,,9ターンの間戦え,,9턴 동안 궤멸,,打败 9 个回合,
Defeat as many bandits as you can before they scatter and regroup.,,Battez autant de bandits que possible avant qu’ils ne se dispersent et ne se regroupent.,,Sconfiggi tutti i banditi che puoi prima che si ritirino e si riorganizzino.,,"So viele Banditen wie möglich besiegen, bevor sie sich zurückziehen und neu formieren",,Derrota a tantos bandidos como puedas antes de que se dispersen y se reagrupen.,,盗賊たちが逃走して再起することがないよう、できるだけ多くの盗賊を倒そう。,,산적들이 흩어졌다가 다시 모이기 전까지 가능한 한 많이 물리치십시오.,,在土匪分散并重新集结之前，尽可能多地击败它们。,
Defeat Boss,,Battez le boss,,Sconfiggi il boss,,Boss besiegen,,Derrota al jefe.,,ボスを倒せ,,보스 물리치기,,击败大佬,
Rescue the prisoners and defeat the leader of the bandits,,Libérez les prisonniers et battez le chef des bandits.,,Libera i prigionieri e sconfiggi il capo dei banditi.,,Die Gefangenen befreien und den Anführer der Banditen besiegen,,Rescata a los prisioneros y derrota al líder de los bandidos.,,人質を救出し、盗賊の親玉を倒そう。,,포로를 구출하고 산적들의 우두머리를 물리치십시오.,,营救俘虏并击败土匪首领,
Defeat Boss,,Battez le boss,,Sconfiggi il boss,,Boss besiegen,,Derrota al jefe.,,ボスを倒せ,,보스 물리치기,,击败大佬,
The recently defeated bandits have been resurrected - defeat their leader.,,Les bandits que vous avez éliminés ont été ressuscités. Battez leur chef.,,I banditi che avevi appena sconfitto sono stati rianimati: sconfiggi il loro capo.,,Die vor Kurzem besiegten Banditen wurden wiederbelebt - den Anführer besiegen,,Los bandidos que acabas de vencer han sido reanimados: derrota a su líder.,,倒した盗賊が蘇った。敵の親玉を倒そう。,,최근에 물리친 산적들이 부활했습니다. 우두머리를 물리치십시오.,,最近被击败的土匪已经复活——击败匪首。,
"A mysterious sorcerer, Akmenos, has raised the recently slain bandits from the dead. Join with strangers Sara, Samara, and Brooke to defeat them.",,"Le mystérieux sorcier Akmenos a ressuscité les bandits tombés au combat. Faites équipe avec les étrangers Sara, Samara et Brooke pour en venir à bout.",,"Uno stregone misterioso di nome Akmenos ha rianimato i cadaveri dei banditi. Unisciti alle nuove arrivate, Sara, Samara e Brooke, per sconfiggerli.",,"Der geheimnisvolle Zauberer Akmenos hat die vor Kurzem besiegten Banditen wieder zum Leben erweckt. Verbündet euch mit Sara, Samara und Brooke und besiegt sie.",,"Un hechicero misterioso, Akmenos, ha reanimado a los bandidos que acababas de matar. Une fuerzas con las desconocidas Sara, Samara y Brooke para derrotarlos.",,謎の魔導士、アクメノスが倒したはずの盗賊を死から蘇らせた。素性の知れぬ新たな仲間、サラ、サマラ、ブルックと共に敵を倒そう。,,"미스터리한 마법사 아크메노스가 최근에 살해된 산적들을 죽음에서 부활시켰습니다. 낯선 사람인 사라, 사마라, 브룩과 함께 그들을 물리치십시오.",,神秘魔法师阿克梅诺斯复活了最近被杀死的土匪。与陌生人萨拉、萨玛菈和布鲁克一起打败他们。,
Rout the Deserters,,Mettez les Déserteurs en déroute,,Sconfiggi i disertori,,Deserteure vernichten,,Acaba con los desertores.,,脱走兵を倒せ,,탈영병 처치,,击溃逃兵,
This group of Delian deserters will never give up - defeat them all.,,Ce groupe de déserteurs déliais ne lâchera pas l’affaire. Venez-en à bout.,,Questo gruppo di disertori deliani non si arrenderà mai: sconfiggili tutti.,,Diese Gruppe von Deserteuren aus Delia ergeben sich nicht - besiegt sie alle.,,"Este grupo de desertores de Delia nunca se rendirá, derrótalos a todos.",,デリアの脱走兵たちにもはや忠誠心はない。全員を倒そう。,,이 델리아의 탈영병 무리는 절대 포기하지 않을 것입니다. 모두 물리치십시오.,,这群得洛斯叛逃者决不会放弃——将他们全部击败.,
King Varic has ordered you to clear out a group of violent deserters who have been caught waylaying caravans on the way to Sojourn.,,Le Roi Varic vous a donné l’ordre de vous débarrasser d’un groupe de violents déserteurs qui pillent des caravanes en route vers Sojourn.,,Re Varic ti ha ordinato di sgominare un gruppo di disertori violenti che sono stati scoperti mentre assalivano le carovane dirette a Sojourn.,,"König Varic hat euch befohlen, eine Gruppe gewalttätiger Deserteure auszuschalten, die Karawanen auf dem Weg nach Sojourn auflauern.",,El rey Varic te ha ordenado que elimines a un grupo de desertores violentos que han sido sorprendidos asaltando caravanas en el camino a Sojourn.,,ヴァリック王の命令に従い、ソジャーンへの道中で隊商を襲撃している脱走兵の集団を討伐しよう。,,배릭 왕은 소저른으로 가는 길에서 마차를 노리다가 붙잡힌 폭력적인 탈영병 무리를 제거하라고 명령했습니다.,,瓦里克国王命令你们清除一群暴力叛逃者，他们被发现在前往索乔的途中大篷车里。,
Guard the Aqueducts,,Défendez les Aqueducs,,Fai la guardia agli acquedotti,,Aquädukte bewachen,,Protege los acueductos.,,水道橋を防衛せよ,,수로 보호,,守卫渡槽,
The Aramorans are destroying the aqueducts with sledgehammers - stop them. Aqueduct Health: 100,,Les Aramoriens détruisent les aqueducs à la masse. Arrêtez-les. État des aqueducs : 100,,Gli aramorani stanno distruggendo gli acquedotti con delle mazze: fermali. Integrità dell'acquedotto: 100,,Die Aramoraner zerstören die Aquädukte mit Vorschlaghämmern - haltet sie auf. Aquädukt LP: 100,,Los aramoranos están destruyendo los acueductos con mazos; detenlos. Salud del acueducto: 100.,,アラモル軍がハンマーで水道橋を破壊している。何とかして食い止めよう。水道橋のHP：100,,아라모르인들이 대형 망치로 수로를 파괴하고 있습니다. 그들을 막으십시오. 수로 체력: 100,,阿拉莫拉人正在用大锤摧毁渡槽——阻止他们。渡槽生命值：100,
An Aramoran strike force is destroying the aqueducts in Redhill - you are the only group in the area capable of stopping them.,,Une unité d’assaut aramorienne détruit les aqueducs de Rougeval et vous êtes les seuls dans les environs à pouvoir les arrêter.,,Un esercito aramorano sta distruggendo gli acquedotti di Collerosso: siete l'unica unità in zona in grado di fermarlo.,,"Eine aramoranische Einsatztruppe zerstört die Aquädukte in Redhill - ihr seid die einzige Gruppe in der Nähe, die sie aufhalten könnte.",,Una fuerza de ataque aramorana está destruyendo los acueductos en Redhill; tu grupo es el único de la zona capaz de detenerlos.,,アラモル軍の攻撃部隊がレッドヒルの水道橋を破壊している。それを止めることができるのは、自分たちだけだ。,,아라모르 공격 부대가 레드힐의 수로를 파괴하고 있습니다. 이 지역에 있는 그룹 중에서 이를 막을 수 있는 건 당신뿐입니다.,,一支阿拉莫拉突击队正在摧毁红山的渡槽——你们是该地区唯一能够阻止的队伍。,
Rout 30 enemies,,Mettez 30 ennemis en déroute,,Sconfiggi 30 nemici,,30 Gegner vernichten,,Acaba con 30 enemigos.,,敵を30体倒せ,,적 30명 처치,,打败 30 名敌人,
Push the Aramoran force back from Redhill proper so they can't target civilians. Defeated: 0/30,,Repoussez les forces aramoriennes de Rougeval pour qu’ils ne puissent pas prendre de civil pour cible. Vaincus : 0/30,,Respingi l'esercito aramorano da Collerosso in modo che non attacchi i civili. Nemici sconfitti: 0/30,,"Verdrängt die Aramoraner aus Redhill, damit sie nicht auf die Zivilbevölkerung losgehen. Besiegt: 0/30",,Haz retroceder a la fuerza aramorana de Redhill para que no puedan ir a por los civiles. Derrotados: 0/30.,,アラモル軍をレッドヒルから押し返し、民間人を敵の手から守ろう。 撃破数：0/30,,아라모르군이 민간인들을 표적으로 삼지 못하도록 레드힐에서 제대로 밀쳐내십시오. 처치: 0/30,,将阿拉莫拉军队从红山镇赶回原地，这样他们就不能以平民为目标了。已战胜次数：0/30,
"The force at the aqueducts turned out to be merely a diversion for the main assault on Redhill proper. Caius, who deserted from the Aramoran army upon learning their intent to harm civilians, has warned the group - though it may already be too late.",,"L’assaut sur les aqueducs n’était qu’une diversion du véritable objectif sur Rougeval. Caïus, qui a déserté l’armée aramorienne en apprenant qu’ils avaient l’intention de s’en prendre aux civils, nous a avertis. Mais il est peut-être déjà trop tard...",,"L'esercito agli acquedotti era solo un diversivo per guidare un assalto su Collerosso. Caius, che ha disertato le forze armate aramorane dopo aver scoperto che volevano colpire i civili, ha avvisato il gruppo. Potrebbe essere già troppo tardi.",,"Die Truppe an den Aquädukten sollte nur vom eigentlichen Angriff auf Redhill ablenken. Caius, der von der aramoranischen Armee desertiert ist, als er hörte, dass Zivilisten angegriffen werden sollen, hat die Gruppe gewarnt - aber es könnte zu spät sein.",,"La fuerza que atacaba los acueductos resultó ser simplemente una distracción para poder ejecutar el asalto principal a Redhill. Caius, que ha desertado del ejército aramorano al enterarse de su intención de dañar a los civiles, ha advertido al grupo; aunque puede que ya sea demasiado tarde.",,水道橋の襲撃は、レッドヒルへの攻撃から注意を逸らす陽動作戦であることが判明した。アラモル軍の民間人に危害を加える意図を知り、同軍を脱走したカイウスは、時すでに遅しと思われど、一行にそのことを警告してきた。,,수로의 군대는 단지 레드힐 본부를 공격하기 위한 양동작전이라는 것이 밝혀졌습니다. 아라모르군이 민간인을 해할 의도를 알아채고 탈영한 카이우스는 그룹에 경고했습니다. 하지만 이미 너무 늦었을지도 모릅니다.,,结果证明，渡槽的部队只是为了转移视线，掩护对红山的主要攻击。凯厄斯在得知阿拉莫拉军队意图伤害平民离开了并警告了该战斗小组——尽管现在可能已经太晚了。,
Defeat Aurima,,Battez Aurima,,Sconfiggi Aurima,,Aurima besiegen,,Derrota a Aurima.,,アウリマを倒せ,,아우리마 물리치기,,击败奥里马,
"If you want to get information out of Aurima, you'll need to complete his challenge by defeating him.",,"Si vous voulez apprendre quoi que ce soit de la part d’Aurima, il vous faudra d’abord le vaincre.",,"Se vuoi ottenere informazioni da Aurima, prima dovrai accettare la sua sfida e sconfiggerlo.",,"Wenn ihr Informationen von Aurima haben wollt, müsst ihr seine Herausforderung annehmen und ihn besiegen.",,"Si quieres obtener información de Aurima, deberás completar su desafío y vencerlo.",,アウリマから情報を得たいなら、彼を倒して認めてもらおう。,,"아우리마에게 정보를 얻으려면, 그를 물리쳐서 도전을 완수해야 합니다.",,如果你想从奥里马那里获得信息，你需要击败他来完成挑战。,
"Corvan has led the group to Aurima the Cenaari - a legendary warrior rumored to be in possession of an Aspect. To complete his trial, he must be defeated in combat.",,"Corvan a mené le groupe au légendaire guerrier Aurima le Cenaari, qui, selon la rumeur, serait en possession d’un Aspect. Pour terminer son épreuve, il doit être battu.",,"Corvan ha condotto il gruppo fino ad Aurima il Cenaari, un guerriero leggendario. Si dice che sia in possesso di un Cimelio. Per superare la sua sfida, devi sconfiggerlo in combattimento.",,"Corvan hat die Gruppe zu Aurima dem Cenaari geführt, einem legendären Krieger, der einen Aspekt besitzen soll. Um seine Prüfung zu bestehen, müsst ihr ihn im Kampf besiegen.",,"Corvan ha llevado al grupo con Aurima el cenaarí: un guerrero legendario del que se rumorea que está en posesión de un aspecto. Para superar su prueba, debes derrotarlo en combate.",,コルバンは、一行を「セナアリ」の称号を持つ男、アウリマの所へと導いた。霊石を持っていると噂される伝説の戦士だ。試練を完了するには、彼と戦って勝利しなければならない。,,코반은 상을 소유하고 있다고 소문난 전설적인 전사인 쎄나리 아우리마에게 그룹을 데려갑니다. 시험을 완료하려면 전투에게 그를 패배시켜야 합니다.,,科尔文带小队来到了塞纳利人奥里马这——一个传说中的战士，据传拥有一种相力。为了完成考验，必须在战斗中击败他。,
Defend for 8 turns,,Défendez pendant 8 tours,,Difenditi per 8 turni,,8 Runden lang verteidigen,,Defiéndete durante 8 turnos.,,8ターンの間守り抜け,,8턴 동안 방어,,打败 8 个回合,
Undead brigands have defiled the Temple - defend Vesta while she cleanses it.,,Des morts-brigands on désacralisé le temple. Défendez Vesta pendant qu’elle le purifie.,,Dei briganti non morti hanno invaso il tempio: proteggi Vesta mentre lo purifica.,,"Untote Briganten haben den Tempel geschändet - verteidigt Vesta, während sie ihn reinigt.",,Los forajidos reanimados han profanado el templo; defiende a Vesta mientras lo depura.,,アンデッドの集団が神聖なる神殿を穢した ― ベスタがそれを浄化している間、彼女を守ろう。,,언데드 도적들이 신전을 더럽혔습니다. 베스타가 정화하는 동안 방어하세요.,,亡灵强盗玷污了神庙——在薇丝塔净化神庙时提供保护。,
"The Temple of Faine, God of Oaths, has been defiled by an unknown source. The temple must be guarded while its guardian cleanses its defenses.",,"Le Temple de Faine, Dieu des Serments, a été profané par des inconnus. Le temple doit être défendu pendant que son gardien purifie ses défenses.",,"Il tempio di Faine, dio delle promesse, è stato profanato da un nemico sconosciuto. Il tempio dev'essere protetto mentre la sua guardiana ne ripristina le difese.",,"Der Tempel des Faine, Gott der Eide, wurde von Unbekannte geschändet. Der Tempel muss bewacht werden, während seine Hüterin ihn reinigt.",,"El templo de Faine, dios de los juramentos, ha sido profanado por un agente desconocido. Hay que proteger el templo mientras su guardiana depura las defensas.",,誓いの神であるフェインの神殿が、未知の集団によって穢された。守護者が結界を浄化している間、自分たちが神殿を守らなければならない。,,맹세의 신인 페인의 신전이 정체를 알 수 없는 무언가에 의해 더럽혀졌습니다. 수호자가 방어 시설을 정화하는 동안 신전을 지켜야 합니다.,,誓言之神费恩神庙被不明来源玷污。必须有人守卫神殿，而神殿的守护者则要净化它的防御。,
Reach the Sorcerer,,Atteignez le Sorcier,,Raggiungi lo stregone,,Den Zauberer erreichen,,Alcanza al hechicero.,,魔導士のいる場所に到達せよ,,마법사에게 도달,,到达魔法师跟前,
There is a sorcerer standing amidst the battlefield preparing a massive spell. Reach him to stop it.,,Un sorcier se tient en plein milieu du champ de bataille et prépare un sort cataclysmique. Arrêtez-le.,,Nel mezzo del campo di battaglia c'è uno stregone che sta preparando un incantesimo potentissimo. Raggiungilo e fermalo.,,Mitten auf dem Schlachtfeld steht ein Zauberer und bereitet einen vernichtenden Spruch vor. Erreicht ihn und haltet ihn auf.,,Hay un hechicero preparando un enorme hechizo en medio del campo de batalla. Llega hasta él para detenerlo.,,戦場の中央に立っている魔導士が、大がかりな呪文を唱えようとしている。惨事を食い止めるため、彼のいる場所に到達しよう。,,전장 한가운데 서 있는 마법사가 엄청난 주문을 준비하고 있습니다. 그에게 도달해서 주문을 멈추십시오.,,战场上，有一个魔法师正在准备大规模施咒。到他跟前并阻止他。,
"On the way to Swift Harbor, the group comes upon a massive battle between Delian and Aramoran forces. Amid the battle, a sorcerer prepares what appears to be a devastating spell.",,"Sur le chemin de Port-Vif, le groupe tombe sur un immense champ de bataille entre les forces Déliaises et Aramoriennes. En son milieu, un sorcier semble préparer un sort dévastateur.",,"Lungo la via per Portolesto, il gruppo si imbatte in una battaglia tra gli eserciti deliani e aramorani. Nel mezzo della mischia, uno stregone sta preparando quello che sembra essere un incantesimo devastante.",,Auf dem Weg nach Swift Harbor stößt die Gruppe auf eine gewaltige Schlacht zwischen Delianern und Amoranern. Mitten in der Schlacht scheint ein Zauberer einen vernichtenden Spruch vorzubereiten.,,"En el camino hacia Swift Harbor, el grupo se encuentra con una batalla masiva entre las fuerzas delianas y aramoranas. En medio de la batalla, un hechicero prepara lo que parece ser un hechizo devastador.",,スウィフトハーバーへの道中、一行はデリア軍とアラモル軍の大規模な戦闘に遭遇した。だが、その戦いの中で、1人の魔導士が恐ろしい呪文を唱えようとしているようだ。,,"스위프트 항구로 가는 길에, 그룹은 델리아와 아라모르 군대의 대규모 전투에 직면하게 됩니다. 전투 중, 마법사는 파괴적인 주문으로 보이는 것을 준비합니다.",,在前往斯威夫特港的途中，一行人遇到了得洛斯和阿拉莫拉两军之间的大规模战斗。战场上，一名魔法师似乎在准备施展一个毁灭性的咒术。,
Ship Health: 100,,État du navire : 100,,Integrità della nave: 100,,Schiff LP: 100,,Salud del barco: 100.,,船のHP：100,,배 체력: 100,,船生命值：100,
The ship has been attacked by Storm Spirits - destroy them.,,Le navire est attaqué par des esprits de tempête. Détruisez-les.,,La nave è stata attaccata dagli spiriti della tempesta: distruggili.,,Das Schiff wurde von Sturmgeistern angegriffen - vernichtet sie.,,El barco ha sido atacado por espíritus de las tormentas; destrúyelos.,,船が嵐の精霊に攻撃された ― 返り討ちにしよう。,,배가 폭풍 정령의 공격을 받았습니다. 해치우십시오.,,这艘船受到了风暴精灵的攻击——干掉它们。,
"The ship has been inundated with storm spirits, drawn to the high volume of adept blood on the ship. Defeat them, or perish in the depths.",,Le navire a été pris d’assaut par des esprits de tempête attirés par le sang des adeptes. Battez-les si vous ne voulez pas périr dans les abysses.,,"La nave è stata invasa dagli spiriti della tempesta, attirati dalla quantità di sangue di adepto a bordo. Sconfiggili o perisci nelle profondità del mare.",,"Das Schiff wurde von Sturmgeistern überrannt, die von der großen Menge Adeptenblut an Bord angelockt wurden. Besiegt sie oder geht unter.",,"Los espíritus de las tormentas han anegado el barco, atraídos por la gran cantidad de sangre de adeptos que contiene. Derrótalos o muere en las profundidades.",,船上にいるアデプトの存在に引き寄せられ、嵐の精霊が襲撃してきた。撃退しなければ、海の藻屑と消えるのみだ。,,"배에 있는 다량의 피 냄새를 맡고 폭풍 정령들이 배로 몰려들었습니다. 물리치지 않으면, 바다 깊은 곳에서 사라지게 됩니다.",,风暴精灵已经让这艘船不堪负荷，它们受到船上大量行家血液所吸引。击败它们，否则葬身大海深处。,
Escape in 25 turns,,Échappez-vous en 25 tours,,Scappa entro 25 turni,,In 25 Runden entkommen,,Escapa en 25 turnos.,,25ターン以内に脱出せよ,,25턴 내에 탈출,,逃脱 25 回合,
The Sylvans have been alerted to the party's presence - escape through the river to the north.,,Les Sylvestres ont été alertés de la présence du groupe. Échappez-vous par la rivière au nord.,,"I silvani si sono accorti della presenza del gruppo: scappa attraverso il fiume, verso nord.",,Die Sylvaner haben die Gruppe entdeckt - entkommt durch den Fluss nach Norden.,,Los silvanos han sido alertados de la presencia del grupo. Escapa por el río hacia el norte.,,シルバン族はこちらの存在に気づき、襲撃してきた ― 川を通って北に脱出しよう。,,일행의 존재를 실반 부족이 알아차렸습니다. 강을 통해 북쪽으로 탈출하십시오.,,有人警告过西尔万这一行人的存在——穿过河流向北逃跑。,
"While traveling through the Towering Weald, the party comes upon a Sylvan tribe. A mysterious stranger, Wren, appears - directing them to flee to the north.",,"Alors qu’il voyageait au travers de la Sylve, le groupe fit la rencontre d’une tribu locale. Wren, un mystérieux étranger, leur indiqua de s’échapper par le nord.",,"Durante il viaggio attraverso la Selva Turris, il gruppo si imbatte in una tribù di silvani. Uno straniero misterioso, Wren, appare dal nulla e ordina di scappare verso nord.",,"Auf der Reise durch das Turmhohe Waldgebiet stößt die Gruppe auf einen Sylvanerstamm. Der geheimnisvolle Wren taucht auf und rät ihnen, nach Norden zu fliehen.",,"Mientras viaja a través del Bosque escarpado, el grupo se encuentra con una tribu silvana. Aparece Wren, un misterioso personaje que les indica que huyan hacia el norte.",,タワリングウィールドを旅する一行は、シルバン族に遭遇した。謎の男レンは、北に向かって脱出すべきだと主張する。,,"우뚝 솟은 삼림 지대를 가로질러 여행하던 중, 일행은 실반 부족과 만나게 됩니다. 정체불명의 낯선 사람인 렌이 나타나 북쪽으로 달아나라고 알려줍니다.",,在穿越峥嵘荒野时，一行人遇到了一个西尔万部落。一个神秘的陌生人雷恩出现了——引导他们逃往北方。,
Steal the Relic,,Volez la Relique,,Ruba la reliquia,,Reliquie stehlen,,Roba la reliquia.,,宝物を奪え,,유물 훔치기,,窃取遗物,
Steal the relic from the cultists so it can guide you to the Trial of the Soul.,,Volez la relique aux membres du culte pour qu’elle vous guide vers l’Épreuve de l’âme.,,"Ruba la reliquia dai seguaci del culto, così che ti possa guidare verso la Prova dell'anima.",,"Stehlt den Kultisten die Reliquie, damit sie euch zur Prüfung der Seele führt.",,Roba la reliquia de la secta para que pueda guiarte a la prueba del alma.,,信者たちから宝物を奪い、魂の試練への導きを得よう。,,영혼의 시험으로 안내할 수 있도록 광신도 무리에게서 유물을 훔치십시오.,,从邪教徒那里偷走圣物，这样它可以引导你进行灵魂审判。,
"Having just arrived at the Temple of Hleric, you must now find that which will lead you to the Trial of Soul.",,Vous voilà maintenant arrivés au Temple de Hleric. Vous devez trouver ce qui vous mènera à l’Épreuve de l’âme.,,"Ora che hai raggiunto il tempio di Hleric, devi trovare il manufatto che ti guiderà verso la Prova dell'anima.",,"Nachdem ihr am Hleric-Tempel angekommen seid, müsst ihr das finden, was euch zur Prüfung der Seele führt.",,"Habiendo llegado al templo de Hleric, ahora debes encontrar el objeto que te llevará hasta la prueba del alma.",,一行はフレリックの神殿に到着した。魂の試練へと導くものを手に入れよう。,,"이제 흘레릭 신전에 도착했으니, 영혼의 시험으로 이끌어 줄 것을 찾아야 합니다.",,刚刚抵达赫勒瑞克神殿，你现在必须找到能够引导你进行灵魂审判的东西。,
"The temple is filling with poison gas, escape or die.",,Le temple se remplit de gaz empoisonné. Fuyez ou mourrez.,,Il tempio si sta riempendo di gas velenoso: fuggi o muori.,,Der Tempel füllt sich mit Giftgas; flieht oder geht zugrunde.,,El templo se está llenando de gas venenoso; escapa o muere.,,神殿は毒ガスで満たされている。脱出しなければ死あるのみだ。,,신전은 독가스로 가득 차 있습니다. 탈출 아니면 사망입니다.,,神殿充满毒气，逃或死？,
Defeat Yourselves,,Surpassez-vous !,,Sconfiggi le copie dei membri del gruppo,,Selbst besiegen,,Derrotaos a vosotros mismos.,,己の幻影を倒せ,,자신을 이기기,,战胜你自己,
The temple of Koeli-Sumash has offered shadow selves as a trial - defeat them.,,Le temple de Koeli-Sumash vous impose de venir à bout de vos alter égos. Battez-les.,,Il tempio di Koeli-Sumash ha evocato delle figure d'ombra per la prova: sconfiggile.,,Der Tempel von Koeli-Sumash stellt euch mit Schatten eurer selbst auf die Probe - besiegt sie.,,El templo de Koeli-Sumash os ofrece a vuestras propias sombras como prueba; derrotadlas.,,コエリ・スマシュの神殿は、試練として各人の影を用意した ― 己に勝利しよう。,,코엘리-스마쉬 신전은 그림자 자아를 시험으로 제시했습니다. 물리치십시오.,,科利-苏马什神庙提供影子考验 ——击败他们。,
"The Trial of the Soul presents a unique challenge. To advance, it appears you must defeat yourselves.",,"L’Épreuve de l’âme vous pose un étrange défi. Pour progresser, vous devrez vous battre vous-mêmes.",,"La Prova dell'anima propone una sfida unica: per procedere, bisogna sconfiggere delle copie dei membri del gruppo.",,"Die Prüfung der Seele ist eine einzigartige Herausforderung. Um weiterzukommen, müsst ihr euch selbst besiegen.",,"La prueba del alma presenta un desafío singular. Para avanzar, parece que debéis derrotaros a vosotros mismos.",,魂の試練は、独特の難題を提示する。先に進むには、己に打ち勝たなければならない。,,"영혼의 시험은 독특한 도전을 제시합니다. 나아가려면, 자기 자신을 물리쳐야 합니다.",,灵魂审判提出了独特的挑战。要想晋级，看来必须要打败自己。,
Slay the Dragon,,Pourfendez le Dragon,,Uccidi il drago,,Drachen töten,,Mata al dragón.,,ドラゴンを倒せ,,드래곤 죽이기,,屠龙,
Slay the Dragon of the Marrows and claim 10% of Fenton's 'inheritance',,Pourfendez le Dragon des Moelles pour obtenir 10 % de « l’héritage » de Fenton.,,Uccidi il drago del Midollo e reclama il 10% dell'eredità di Fenton.,,Tötet den Drachen der Markhöhlen und nehmt euch 10 % von Fentons „Erbe“.,,"Mata al dragón de los Calabazares y hazte con el 10 % de la ""herencia"" de Fenton.",,マロウズのドラゴンを倒し、フェントンの「遺産」の10％を要求しよう,,매로우의 드래곤을 죽이고 펜톤의 ‘상속’ 10%를 차지하십시오.,,杀死迈罗斯之龙并获得芬顿 10% 的“遗产”。,
"In the depths of the Marrows, the group comes across Fenton, a lone dwarf who leads them further still. To claim your base, you must slay the Dragon who has long haunted the Marrows.",,"Dans les profondeurs des Moelles, le groupe fait la rencontre de Fenton, un nain solitaire qui les aide à progresser. Pour reprendre votre base, vous devez vaincre le dragon qui hante depuis longtemps les Moelles.",,"Nelle viscere del Midollo, il gruppo incontra Fenton, un nano solitario che li guida ancora più in profondità. Per impossessarti della tua base, devi uccidere il drago che da tempo abita nel Midollo.",,"In den Tiefen der Markhöhlen trifft die Gruppe auf Fenton, einen einsamen Zwerg, der sie ein Stück weiter führt. Um euren Anteil zu erhalten, müsst ihr den Drachen töten, der schon lange in den Markhöhlen umgeht.",,"En las profundidades de los Calabazares, el grupo se encuentra con Fenton, un enano solitario que los hace adentrarse aún más. Para hacerte con tu base, debes matar al dragón que lleva mucho tiempo causando terror en los Calabazares.",,マロウズの奥で、一行は道案内をする孤独なドワーフ、フェントンに出くわす。こちらの要求を通すには、長きに渡りそこを悩ませているドラゴンを倒さなければならない。,,"매로우의 깊숙한 곳에서, 그룹은 그들을 더 멀리까지 이끌어 줄 외로운 드워프 펜톤을 만나게 됩니다. 기지를 차지하려면, 매로우를 오랫동안 괴롭혀온 드래곤을 죽여야 합니다.",,在迈罗斯深处，这群人遇到了芬顿，一个孤独的矮人，他带着他们继续前进。要拿回基地，你必须杀死长期骚扰迈罗斯人的恶龙。,
Release Prisoners,,Libérez les Prisonniers,,Libera i prigionieri,,Gefangene befreien,,Libera a los presos.,,囚人を解放せよ,,포로 석방,,释放囚犯,
Soldiers housed in Dervin prison will be executed soon - rescue them all.,,Les soldats captifs dans la prison de Dervin seront bientôt exécutés. Allez à leur secours.,,I soldati rinchiusi nella prigione di Dervin saranno giustiziati presto: salvali tutti.,,Die Soldaten im Gefängnis von Dervin werden bald hingerichtet - rettet sie alle.,,Los soldados retenidos en la prisión de Dervin pronto serán ejecutados. Rescátalos a todos.,,ダービンの牢獄の囚人たちがまもなく処刑される ― 全員救出しよう。,,더빈 감옥에 있는 병사들이 곧 처형됩니다. 모두 구출하십시오.,,关押在德文监狱的士兵很快就会被处决——把他们全部救出来,
"In Dervin, a large number of prisoners are slated to be executed. Without your help, they're dead to rights.",,L’exécution d’un grand nombre de prisonniers est programmée à Dervin. Vous devez impérativement les aider.,,"A Dervin, molti prigionieri sono destinati all'esecuzione. Senza il tuo aiuto, verranno uccisi senza riguardo.",,In Dervin sind zahlreiche Gefangene für die Hinrichtung vorgesehen. Ohne eure Hilfe ist ihnen der Tod gewiss.,,"En Dervin, está prevista la ejecución de un gran número de presos. Sin tu ayuda, pueden darse por fiambres.",,ダービンでこれから多数の囚人が処刑される。今すぐ救出しなければ、彼らの命はない。,,더빈에서 많은 포로들이 처형될 예정입니다. 당신의 도움이 없으면 무조건 죽을 겁니다.,,在德文，大量囚犯将被处决。没有你的帮助，他们死定了。,
Reach Liberty,,Atteignez Liberty,,Raggiungi Liberty,,Liberty erreichen,,Alcanza a Liberty.,,リバティーに到達せよ,,리버티에게 다가가기,,达到莉波蒂身边,
Liberty is valiantly defending Brookstead on her own - reach her and repel the enemy forces.,,Liberty défend vaillamment et à elle-seule Brookstead. Atteignez sa position et aidez à repousser les forces ennemies.,,"Liberty sta difendendo da sola Sottoroggia, dimostrando molto valore: raggiungila e respingi l'esercito nemico.",,Liberty verteidigt Brookstead unermüdlich ohne jede Hilfe - schlagt euch zu ihr durch und wehrt die Gegner ab.,,Liberty defiende Brookstead sola con valentía. Acércate a ella y rechaza a las fuerzas enemigas.,,リバティーはたった1人でブルックステッドを勇敢に守ろうとしている ― 敵軍を撃退しつつ、彼女の元に行こう。,,리버티는 혼자서 브룩스테드를 용감하게 방어하고 있습니다. 그녀에게 다가가 적군을 격퇴하십시오.,,莉波蒂独自勇敢地保卫布鲁克斯特德——去她那里并帮助她击退敌军。,
You've arrived at Brookstead too late - it is already under attack from Varic's forces. An unknown woman appears to be defending the town alone.,,Vous êtes arrivés trop tard à Brookstead qui est déjà attaqué par les forces de Varic. Une inconnue semble défendre la ville à elle-seule.,,Hai raggiunto Sottoroggia troppo tardi: l'esercito di Varic si è già lanciato all'attacco. Una donna sconosciuta sta difendendo da sola la città.,,Ihr seid zu spät nach Brookstead gekommen - Varics Truppen greifen bereits an. Offenbar verteidigt eine Unbekannte allein die Stadt.,,Has llegado a Brookstead demasiado tarde. Las fuerzas de Varic ya están atacando el lugar. Una mujer desconocida parece estar defendiendo la ciudad sola.,,ブルックステッドへの到着は時すでに遅く、ヴァリック王の部隊による攻撃に見舞われていた。しかし、そんな中でとある女が1人で街を守っているようだ。,,브룩스테드에 너무 늦게 도착했습니다. 이미 배릭의 군대가 공격을 하고 있습니다. 미지의 여성이 홀로 마을을 방어하고 있는 것으로 보입니다.,,你们到达布鲁克斯泰德太晚了——镇子已经受到了瓦里克军队的攻击。一个不知名的女人似乎在独自保卫着这座城镇。,
Escape,,Échappez-vous,,Scappa,,Entkommen,,Escapa.,,脱出せよ,,탈출,,逃脱,
Varic's soldiers have you surrounded - break through their ranks and escape Highridge.,,Les soldats de Varic vous ont encerclé. Percez leurs rangs et échappez-vous de Hautecrête.,,I soldati di Varic ti hanno circondato: spezza i loro ranghi e scappa da Crestalta.,,Varics Soldaten haben euch umzingelt - brecht durch die Reihen und entkommt aus Highridge.,,Los soldados de Varic te tienen rodeado. Atraviesa sus filas y escapa de Highridge.,,ヴァリック王の兵士たちに取り囲まれた ― 敵の隊列を突破し、ハイリッジを脱出しよう。,,배릭의 병사들에게 포위를 당했습니다. 대열을 뚫고 하이리지에서 탈출하십시오.,,瓦里克的士兵包围了你们——突破他们的队伍并逃往海里奇。,
"After Irving's speech, Varic's soldiers have broken up the festival. There is little time left to escape.",,"Après le discours d’Irving, les soldats de Varic ont dispersé le festival. Il ne reste plus beaucoup de temps pour s’échapper.",,"Dopo il discorso di Irving, i soldati di Varic hanno interrotto i festeggiamenti. Rimane poco tempo per scappare.",,"Nach Irvings Rede haben Varics Soldaten das Fest aufgelöst. Es bleibt kaum noch Zeit, um zu entkommen.",,"Después del discurso de Irving, los soldados de Varic han desalojado el festival. Queda poco tiempo para escapar.",,アービンの演説後、ヴァリック王の兵士たちは祝祭の場を突如として包囲した。もはや逃げる時間はほとんど残されていない。,,어빙의 연설이 끝난 후 배릭의 병사들은 축제를 해산시켰습니다. 탈출할 시간이 얼마 남지 않았습니다.,,欧文的演讲后，瓦里克的士兵们已经解散了节日庆典。留给他们逃命的时间不多了。,
Defeat Akmenos,,Battez Akmenos,,Sconfiggi Akmenos,,Akmenos besiegen,,Derrota a Akmenos.,,アクメノスを倒せ,,아크메노스 물리치기,,击败阿克美诺斯,
Akmenos has isolated Irving. Defeating his minions will weaken him.,,Akmenos a isolé Irving. Battez ses sous-fifres pour l’affaiblir.,,Akmenos ha isolato Irving. Sconfiggi i suoi sottoposti per indebolirlo.,,"Akmenos hat Irving isoliert. Werden seine Schergen besiegt, verliert er an Kraft.",,"Akmenos ha aislado a Irving. Si vences a sus esbirros, lo debilitarás.",,アクメノスはアービンを孤立させた。手先を倒すことで、彼を弱らせよう。,,아크메노스가 어빙을 고립시켰습니다. 그의 부하들을 물리치면 그는 약해질 것입니다.,,阿克梅诺斯孤立了欧文。击败他的爪牙会削弱他。,
"Akmenos has summoned the dead to defend himself, and tied their life force to his own. To defeat him, you must defeat his minions.",,"Akmenos a invoqué les morts pour le défendre et a lié sa force vitale à la leur. Pour le battre, vous devrez venir à bout de ses serviteurs.",,"Akmenos ha risvegliato i morti per difendere sé stesso e ha legato la loro forza vitale alla sua. Per sconfiggerlo, devi sgominare anche i suoi sottoposti.",,"Akmenos hat die Toten beschworen, um sich zu verteidigen, und ihre Lebenskraft mit seiner verknüpft. Um ihn zu besiegen, müsst ihr seine Schergen töten.",,"Akmenos ha invocado a los muertos para defenderse y se ha enlazado con ellos mediante la fuerza vital. Para derrotarlo, debes derrotar a sus esbirros.",,アクメノスは死者を召喚し、その生命力を自身に結びつけた。彼を倒すには、手先を倒さなければならない。,,"아크메노스는 자신을 방어하기 위해 죽은 자들을 소환했고, 그들의 생명력을 자신의 생명력에 묶어두었습니다. 그를 물리치려면 그의 부하들을 물리쳐야 합니다.",,阿克梅诺斯召唤出死灵来保护自己，并将他们的生命力绑在自己身上。要打败他，必须打败他的爪牙。,
Defeat Boss,,Battez le boss,,Sconfiggi il boss,,Boss besiegen,,Derrota al jefe.,,ボスを倒せ,,보스 물리치기,,击败大佬,
The commander of Redhill's new fortress holds the King's forces together - ensure a swift victory.,,Le commandant de la nouvelle forteresse de Rougeval rassemble les troupes du Roi. Assurez la victoire.,,Il comandante della nuova fortezza di Collerosso tiene unite le forze armate del re: assicurati una vittoria rapida.,,Der Kommandant der neuen Festung in Redhill hält die königlichen Truppen zusammen - sorgt für einen schnellen Sieg.,,El comandante de la nueva fortaleza de Redhill mantiene unidas a las fuerzas del rey. Procura obtener rápidamente la victoria.,,レッドヒルの新しい要塞の司令官は、王の軍をまとめている ― 迅速に勝利を収めよう。,,레드힐의 새로운 요새 지휘관은 신속한 승리를 거머쥐기 위해 왕의 군대를 하나로 통합했습니다.,,红山新堡垒的指挥官将国王的军队凝聚在一起——确保迅速取得胜利。,
"Finally on the offensive, the Delian Revolution has marched on Redhill, where King Varic's grip is loose.",,"Maintenant en position offensive, la Révolution déliaise marche sur Rougeval, où l’influence du Roi Varic est moindre.",,"Finalmente pronta all'offensiva, la rivoluzione deliana ha marciato verso Collerosso, dove la stretta di Varic si sta allentando.",,"Endlich ist die delianische Revolution in der Offensive und marschiert gegen Redhill, wo König Varic sich nur schwer halten kann.",,"Finalmente a la ofensiva, la revolución de Delia ha marchado sobre Redhill, donde el rey Varic está pasando apuros.",,ついに攻勢に出たデリア革命軍は、ヴァリック王の支配が緩いレッドヒル攻略することにした。,,마침내 공세에 나선 델리아 혁명군은 배릭 왕의 경계가 느슨해진 레드힐을 향해 진군했습니다.,,最终，得洛斯革命军采取攻势，进入红山，瓦里克国王在那里失手了。,
Arrive,,Atteignez l’Objectif,,Arriva,,Ankommen,,Llega a tu destino.,,奥に到達せよ,,도착,,到达,
Reach the Canopy Bridge stronghold without letting any soldiers escape into the forest.,,Atteignez la forteresse du Pont de Canopée en empêchant les soldats de s’échapper dans la forêt.,,Raggiungi la fortezza del ponte di Chiomombrosa e impedisci ai soldati di scappare nella foresta.,,Erreicht den Stützpunkt an der Baldachinbrücke und lasst keine Soldaten in den Wald entkommen.,,Llega a la fortaleza del puente de Canopy sin dejar que ningún soldado se escape al bosque.,,兵士たちを1人も森に逃がすことなく、キャノピーブリッジの要塞に到達しよう。,,병사들이 숲속으로 도망치지 못하게 하면서 캐노피 다리 요새에 도달하십시오.,,在不让任何士兵逃入森林的情况下到达天篷桥要塞。,
"To stem the tide of armaments flowing into Sojourn, the Revolution must gain control of Canopy Bridge. Sophia has led a small team into the forest to corral runners.",,"Pour garantir son approvisionnement en armes vers Sojourn, la Révolution doit prendre le contrôle de la forteresse du Pont de Canopée. Sophia mène une petite équipe dans la forêt pour rassembler les fuyards.",,"Per arginare il rifornimento di armamenti per Sojourn, la rivoluzione deve prendere il controllo del ponte di Chiomombrosa. Sophia ha condotto una piccola squadra nella foresta per intercettare i fuggitivi.",,"Um die Waffenlieferungen nach Sojourn zu unterbinden, muss die Revolution die Baldachinbrücke erobern. Sophia hat ein kleines Team in den Wald geführt, um Kuriere abzufangen.",,"Para detener la marea de armamento que fluye hacia Sojourn, la revolución debe hacerse con el control del puente de Canopy. Sophia ha llevado a un pequeño equipo al bosque para acorralar a quienes lo transportan.",,ソジャーンに流入する兵器の流れを食い止めるには、革命軍がキャノピーブリッジを制圧する必要がある。ソフィアは小チームを組んで森の中を案内し、逃走兵たちを迎え撃つのだった。,,소저른으로 유입되는 군비의 흐름을 막으려면 혁명군이 캐노피 다리를 장악해야 합니다. 소피아는 소수의 병력을 이끌고 숲으로 가 탈주자들을 잡았습니다.,,为了阻止军备潮流进入索乔，革命军必须控制天篷桥。索菲亚带领一个小队进入森林，将逃兵围堵起来。,
Defeat Henry,,Battez Henry,,Sconfiggi Henry,,Henry besiegen,,Derrota a Henry.,,ヘンリーを倒せ,,헨리 물리치기,,打败亨利,
Henry Val'Myren has split his forms. Damage dealt to any of his mirror images will be shared.,,Henry Val'Myren s’est séparé en plusieurs entités. Les dégâts infligés à ses images seront partagés entre elles.,,Henry Val'Myren si è diviso in diverse copie di sé stesso. I danni inflitti a ogni sua immagine riflessa saranno condivisi con le altre.,,"Henry Val'Myren hat seine Gestalt aufgeteilt. Der Schaden, den eins seiner Spiegelbilder erleidet, wird geteilt.",,Henry Val'Myren se ha dividido en varias copias. El daño que reciba cualquiera de sus imágenes lo recibirá también él mismo.,,ヘンリー・ヴァル・マイレンは、自らを分裂させた。彼の分身に与えられたダメージは本体と共有される。,,헨리 발마이렌은 자신의 형체를 분할했습니다. 분신에 가해진 대미지가 나눠질 것입니다.,,亨利·瓦尔迈伦分裂了他的形态。对他的任何镜像伤害都将被分摊掉。,
"Before marching on Sojourn, the Revolution must secure the political future of Delia. Sloane's father, Henry Val'Myren, is all that stands in the way.",,"Avant de marcher sur Sojourn, la Révolution doit d’abord assurer l’avenir politique de Délia. Henry Val’Myren, le père de Sloane, est le seul à se tenir sur le chemin.",,"Prima di marciare verso Sojourn, la rivoluzione deve posare le fondamenta del futuro politico di Delia. Il padre di Sloane, Henry Val'Myren, è l'unico ostacolo rimasto.",,Vor dem Marsch auf Sojourn muss die Revolution die politische Zukunft Delias sicherstellen. Nur Sloanes Vater Henry Val'Myren steht dem noch im Weg.,,"Antes de marchar sobre Sojourn, la revolución debe asegurar el futuro político de Delia. Henry Val'Myren, el padre de Sloane, es todo lo que se interpone en el camino.",,ソジャーンへ向かう前に、革命軍はデリアの政治的未来を確保しなければならない。しかし、そこにスローンの父、ヘンリー・ヴァル・マイレンが立ちはだかる。,,소저른으로 진군하기 전에 혁명군은 델리아의 정치적 미래를 확보해야 합니다. 이를 가로막는 것은 슬론의 아버지 헨리 발 마이렌뿐입니다.,,在进军索乔之前，革命军必须确保得洛斯的政治前途。斯劳恩的父亲亨利·瓦尔迈伦是唯一的阻碍。,
Open the Gates,,Ouvrez les Portes,,Apri i cancelli,,Die Tore öffnen,,Abre las puertas.,,門を開け,,관문 열기,,打开大门,
Opening the gates to allow the rest of your forces to enter the city.,,Ouvrez les portes pour permettre à vos troupes de pénétrer dans la cité.,,Apri i cancelli per permettere al resto del tuo esercito di entrare in città.,,Öffnet die Tore und lasst den Rest eurer Truppen in die Stadt.,,Abre las puertas para permitir que el resto de tus fuerzas entren en la ciudad.,,門を開き、残りの部隊が街に突入できるようにしよう。,,관문을 열어 나머지 군대가 도시에 들어갈 수 있도록 하십시오.,,打开城门，让你的其余部队进入这座城市。,
"Dyolfen Bloodstone, a long-time palace guard, has let you into a side gate. Now, open the main gates of Sojourn for your forces.",,"Dyolfen Pierre-De-Sang, un vétéran de la garde du palais, vous a ouvert une entrée secondaire. Ouvrez maintenant les portes de Sojourn à vos forces.",,"Dyolfen Bloodstone, una guardia veterana del palazzo, ti ha lasciato entrare da un cancello secondario. Ora, apri i cancelli principali di Sojourn per il tuo esercito.",,"Dyolfen Bloodstone, langjähriger Palastwächter, hat euch zu einem Seitentor hineingelassen. Öffnet jetzt die Haupttore von Sojourn für eure Truppen.",,"Dyolfen Bloodstone, un veterano guardia de palacio, te ha dejado entrar por una puerta lateral. Ahora, abre las puertas principales de Sojourn para que entren tus fuerzas.",,ベテランの近衛兵であるディオルフェン・ブラッドストーンが、一行を裏門から招き入れた。味方の軍を招き入れるため、正門を開こう。,,궁전 경비대의 오랜 일원인 디올펜 블러드스톤이 옆문을 통해 들어가게 해주었습니다. 이제 당신의 군대를 위해 소저른의 주 관문을 여십시오.,,血石迪尔芬，一位长期的宫廷守卫，放你从侧门进入。现在，为你的队伍打开索乔的大门吧。,
Kill Varic,,Éliminez Varic,,Uccidi Varic,,Varic töten,,Mata a Varic.,,ヴァリック王を倒せ,,배릭 해치우기,,杀死瓦里克,
King Varic has sent countless Delians to their deaths in fruitless conflict. It is time to end his reign.,,Le Roi Varic a mené d’innombrables Déliais à leur mort dans un conflit sans queue ni tête. Il est temps de mettre un terme à son règne.,,Re Varic ha costretto migliaia di deliani a combattere in una guerra inutile. È il momento di porre fine al suo regno.,,"König Varic hat unzählige Delianer in einen sinnlosen Krieg getrieben. Es wird Zeit, seine Herrschaft zu beenden.",,El rey Varic ha enviado a innumerables delianos a la muerte en un conflicto infructuoso. Es hora de acabar con su reinado.,,ヴァリック王は大勢のデリア人を無益な戦争に送り込んできた。今こそ暴君の治世を終わらせる時だ。,,배릭 왕은 아무 소득도 없는 전쟁에 수많은 델리아인의 생명을 바쳤습니다. 이제 그의 통치를 끝장낼 시간입니다.,,瓦里克国王在毫无成果的冲突中让无数得洛斯人送了性命。是时候结束他的统治了。,
"Nothing stands between the Revolution and Delia's liberation but King Varic Val'Distar, who refuses to relinquish his chokehold on the Kingdom of Delia.",,"Plus rien ne s’oppose à la libération de Délia par la Révolution si ce n’est Val’Distar, qui refuse de capituler.",,"Nulla si frappone tra la rivoluzione e la liberazione di Delia a parte re Varic Val'Distar, che si rifiuta di allentare la sua stretta soffocante sul regno.",,"Nur noch König Varic Val'Distar steht zwischen der Revolution und der Befreiung Delias, und er weigert sich, seinen Würgegriff um das Königreich zu lockern.",,"Nada se interpone entre la revolución y la liberación de Delia excepto el rey Varic Val'Distar, que se niega a ceder su dominio sobre el reino de Delia.",,革命の成功とデリアの解放はもうすぐだ。しかし、そこにデリア王国の権力放棄を拒否するヴァリック・ヴァル・ディスター王が立ちはだかる。,,혁명군과 델리아 해방 사이에 서 있는 것이라곤 델리아 왕국에 대한 자신의 통치를 포기하기를 거부하는 배릭 발디스타 왕뿐입니다.,,大革命和解放得洛斯之间没有任何其他阻碍，除了瓦里克·瓦尔迪斯塔国王，因为他拒绝放弃对得洛斯王国的控制。,
Kill Akmenos,,Éliminez Akmenos,,Uccidi Akmenos,,Töte Akmenos?,,Mata a Akmenos.,,アクメノスを倒せ,,아크메노스 처치,,杀死阿克梅诺斯,
"The Soul Anchor has been opened in the Astral Plane, allowing Akmenos to fight once more.",,"L’ancre d’âme a été ouverte dans le Plan Astral, permettant à Akmenos de se battre une nouvelle fois.",,"L'ancora dell'anima è stata aperta nel piano astrale, consentendo ad Akmenos di combattere ancora una volta.",,"Der Seelenanker wurde auf der Astralebene geöffnet, sodass Akmenos erneut kämpfen kann.",,"El ancla de almas se ha abierto en el plano astral, lo que permite a Akmenos luchar una vez más.",,霊的空間が開き、アクメノスが再度戦いを挑んできた。,,영혼의 닻이 아스트랄 비행기에서 열려서 아크메노스와 한 번 더 싸울 수 있습니다.,,灵魂之锚已在星光界打开，让阿克梅诺斯得以再次战斗。,
"After King Varic's death, Sojourn is wracked with a massive eruption of power, plunging the spire into the Astral Plane. Now, with the barriers weakened, Akmenos has made his move.",,"À la mort du Roi Varic, Sojourn fut frappé par une violente explosion de pouvoir, plongeant la tour dans le Plan Astral. Maintenant que les barrières sont affaiblies, Akmenos est passé à l’action.",,"Dopo la morte di re Varic, Sojourn viene investita da un'enorme eruzione di potere, che getta la guglia nel piano astrale. Ora, con le barriere indebolite, Akmenos ha fatto la sua mossa.",,"Nach König Varics Tod wird Sojourn von einem gewaltigen Ausbruch an Macht zerstört, der den Spier in die Astralebene stürzt. Jetzt, da die Barrieren geschwächt sind, hat Akmenos seinen Zug gespielt.",,"Tras la muerte del rey Varic, Sojourn sufre el impacto de una descomunal erupción de poder que hunde la Aguja en el plano astral. Debilitadas las barreras, Akmenos ha movido ficha.",,ヴァリック王の死と同時に、ソジャーンは大規模な霊力の爆発に見舞われ、尖塔を霊的空間に突入させた。現実世界と霊界の障壁が脆弱となった今、アクメノスは一行の殲滅を企む。,,"배릭 왕의 사망 이후, 소저른은 거대한 힘의 분출로 인해 파괴되어, 아스트랄 평원으로 첨탑을 떨어뜨립니다. 이제 장막이 약화되었고, 아크메노스가 움직였습니다.",,瓦里克国王死后，索乔被一股爆发的巨大力量所摧毁，让尖塔沉入星光界。现在，随着屏障的削弱，阿克梅诺斯已经采取了行动。,
Kill Revenant,,Éliminez le Revenant,,Uccidi il Redivivo,,Wiedergänger töten,,Mata al resucitado.,,レヴァナントを倒せ,,망령 해치우기,,杀死亡灵,
"Empyrean has escaped, leaving behind Revenant and a slew of souls on pilgrimmage to Astrallis.",,Empyrion s’est échappé laissant derrière lui Revenant et un torrent d’âmes en chemin vers Astrallis.,,"L'Empireo è scappato, abbandonando il Redivivo e molte altre anime in pellegrinaggio verso Astrallis.",,Empyrean ist entkommen und hat Wiedergänger und eine Anzahl Seelen auf der Pilgerschaft nach Astrallis zurückgelassen.,,"Empyrean ha escapado, dejando atrás al resucitado y a una gran cantidad de almas en peregrinaje a Astrallis.",,アストラリスに向かうため、エンピリアンはスターリングの亡骸と多くの魂を残し、逃走した。,,엠피리언은 망령과 순례 중인 수많은 영혼을 남겨두고 아스트랄리스로 탈출했습니다.,,艾姆派瑞恩逃脱了，留下了亡魂和一群去阿斯垂利斯朝圣的灵魂。,
"Empyrean, in the days after the battle near Swift Harbor, somehow managed to use Akmenos' knowledge to raise Sterling from the dead.",,"Dans les jours qui suivirent la bataille de Port-Vif, Empyrion s’est servi du savoir d’Akmenos pour ressusciter Sterling.",,"L'Empireo, dopo la battaglia vicino a Portolesto, è riuscito a usare le conoscenze di Akmenos per risvegliare Sterling dalla morte.",,"In den Tagen nach der Schlacht bei Swift Harbor konnte Empyrean Akmenos‘ Wissen nutzen, um Sterling wieder zum Leben zu erwecken.",,"Durante los días posteriores a la batalla en las proximidades de Swift Harbor, Empyrean se las ha arreglado para resucitar a Sterling de entre los muertos usando el conocimiento de Akmenos.",,エンピリアンは、スウィフトハーバー近郊の戦いの後、アクメノスの知識を使い、スターリングを死から蘇らせた。,,"스위프트 항구 근처의 전투 이후 며칠 동안, 엠피리언은 아크메노스의 지식을 이용해 가까스로 스털링을 죽음에서 구해냈습니다.",,艾姆派瑞恩在斯威夫特港附近的战斗结束后的几天里，利用阿克梅诺斯的知识设法让斯特林某种程度上复活了。,
Defeat Empyrean,,Battez Empyrion,,Sconfiggi l'Empireo,,Empyrean besiegen,,Derrota a Empyrean.,,エンピリアンを倒せ,,엠피리언 물리치기,,击败艾姆派瑞恩,
Empyrean has begun the Rite of Ascension. The fate of Terrazael is at stake. Stop him.,,Empyrion a débuté le Rituel d’Ascension. C’est l’avenir de Terrazael qui est en jeu. Vous devez l’arrêter.,,"L'Empireo ha cominciato il Rito dell'ascensione. Terrazael è in pericolo, fermalo.",,Empyrean hat den Ritus des Aufstiegs begonnen. Das Schicksal Terrazaels steht auf dem Spiel. Haltet ihn auf.,,Empyrean ha comenzado el rito de la Ascensión. Está en juego el destino de Terrazael. Detenlo.,,エンピリアンは昇天の儀式を開始した。テラザエルが危機に瀕している。その男の野望を食い止めよう。,,엠피리언이 승천 의식을 시작했습니다. 테라자엘의 운명이 달려있습니다. 그를 막으십시오.,,艾姆派瑞恩已经开始了祭天仪式。泰拉泽尔的命运岌岌可危。阻止他。,
"It all comes down to this, one final confrontation with the fate of the world at stake. Win, and stop Empyrean from making the greatest mistake of all time, or lose, and allow devastation such as the world hasn't known in millenia.",,Tout se joue et se dénoue à cet instant précis : un combat final avec la survie du monde en jeu. Empêchez Empyrion de commettre la pire des erreurs ou l’ampleur de la destruction qui s’abattra n’aura aucun égal.,,"Non c'è altro modo, il destino del mondo intero verrà deciso con quest'ultima battaglia. Vinci, impedendo all'Empireo di compiere l'errore più grande di tutti i tempi, o perdi, e il mondo verrà devastato come non succedeva da millenni.",,"Hierauf läuft alles hinaus, eine letzte Konfrontation, bei der das Schicksal der Welt auf dem Spiel steht. Siegt und hindert Empyrean daran, den größten Fehler aller Zeiten zu machen, oder verliert und ermöglicht Verheerungen, wie sie die Welt seit Tausenden von Jahren nicht gesehen hat.",,"Todo ha desembocado en esto, una confrontación final con el destino del mundo en juego. Gana y evita que Empyrean cometa el mayor error de todos los tiempos, o pierde y permite un grado de devastación que el mundo no ha conocido en milenios.",,滅亡の危機に瀕した世界の命運を決する、最終決戦の時が来た。勝利すれば、エンピリアンの人類史上最悪の過ちを止めることができるが、敗北すれば、世界は数千年ぶりの破滅的大災害に見舞われるだろう。,,"이 모든 것이 세상의 운명이 걸린 최후의 대결로 귀결됩니다. 승리하여 역사상 가장 큰 실수를 저지르려는 엠피리언을 막으십시오. 만약 패한다면, 천 년 동안 세상이 한 번도 겪어보지 못한 대대적인 파괴가 있을 것입니다.",,这一切都归结为一点，即：危难关头与命运决战。赢，阻止艾姆派瑞恩犯有史以来最大的错误，或者失败，让世界经受千年来从未有过的破坏。,
,,,,,,,,,,,,,,,
Defeat Boss,,Battez le boss,,Sconfiggi il boss,,Boss besiegen,,Derrota al jefe.,,ボスを倒せ,,보스 물리치기,,击败大佬,
Defeat the leaders of the Sons of Shamac,,Battez les chefs des Fils de Shamac,,Sconfiggi i leader dei Figli di Shamac,,Besiege die Anführer der Söhne von Shamac,,Derrota a los líderes de los Hijos de Shamac,,シャマックの息子たちのリーダーを倒せ,,샤막의 아들들의 지도자 물리치기,,击败沙麦克之子的首领,
Defend for 8 turns,,Défendez pendant 8 tours,,Difenditi per 8 turni,,8 Runden lang verteidigen,,Defiéndete durante 8 turnos.,,8ターンの間守り抜け,,8턴 동안 방어,,打败 8 个回合,
Defeat the attackers and thwart the assassination attempt,,Battez les assaillants et déjouez la tentative d'assassinat,,Sconfiggi gli aggressori e sventa il tentativo di assassinio,,Besiege die Angreifer und vereitle den Attentatsversuch,,Derrota a los atacantes y frustra el intento de asesinato,,襲撃者を倒し、暗殺を阻止せよ,,공격자들을 물리쳐 암살 시도 막기,,击败袭击者并阻止暗杀,
Defeat Boss,,Battez le boss,,Sconfiggi il boss,,Boss besiegen,,Derrota al jefe.,,ボスを倒せ,,보스 물리치기,,击败大佬,
Kill Krael Val'Garel while attracting the least possible attention,,Tuez Krael Val'Garel en attirant le moins d'attention possible,,Uccidi Krael Val'Garel attirando meno attenzione possibile,,"Töte Krael Val'Garel, während du so möglichst wenig Aufmerksamkeit erregst.",,Mata a Krael Val'Garel atrayendo la menor atención posible,,最小限の注意を受けるにとどめつつ、クラエル・ヴァル・ガレルを倒せ,,최대한 시선을 끌지 않고 크라엘 발 가렐 해치우기,,以最低调的方式杀死卡瑞·瓦尔加勒,
Defeat Boss,,Battez le boss,,Sconfiggi il boss,,Boss besiegen,,Derrota al jefe.,,ボスを倒せ,,보스 물리치기,,击败大佬,
Win the tavern brawl by knocking out the attackers,,Gagnez la bagarre dans la taverne en assommant les attaquants,,Vinci la rissa nella taverna eliminando gli aggressori,,"Gewinne die Kneipenschlägerei, indem du die Angreifer KO schlägst",,Gana la pelea de la taberna derribando a los atacantes,,ケンカ相手を倒し、酒場の乱闘に勝利せよ,,공격자들을 때려눕혀 선술집 싸움 이기기,,淘汰袭击者，赢得酒馆斗殴,
Defeat Boss,,Battez le boss,,Sconfiggi il boss,,Boss besiegen,,Derrota al jefe.,,ボスを倒せ,,보스 물리치기,,击败大佬,
Kill Wendel the Magnificent and knock out his cronies by getting them below half health without finishing them off,,Tuez Wendel le Magnifique et assommez ses acolytes en vidant leur santé de moitié sans les achever,,Uccidi Wendel il Magnifico e metti fuori combattimento i suoi seguaci portando la loro salute sotto la metà e senza finirli,,"Töte Wendel den Prächtigen und schalte seine Kumpane aus, indem du sie unter die Hälfte ihrer Lebenspunkte bringst, ohne sie zu erledigen.",,Mata a Wendel el Magnífico y derriba a sus compinches dejándolos por debajo de la mitad de la salud sin rematarlos,,「偉大なるウェンデル」を倒し、その信者を殺さずにHPを半分以下まで削れ,,위대한 웬델을 처치하고 졸개들은 체력을 절반으로 깎아 죽이지 않고 물리치기,,杀死温德尔大帝，不要直接了结他的同伙，打至半血以下并以此淘汰他们,
Defeat Enemies,,Battez le boss,,Sconfiggi il boss,,Boss besiegen,,Derrota al jefe.,,ボスを倒せ,,보스 물리치기,,击败大佬,
Defeat the mysterious foes,,Battez les ennemis mystérieux,,Sconfiggi i nemici misteriosi,,Besiege die geheimnisvollen Gegner,,Derrota a los enemigos misteriosos,,謎の敵を倒せ,,의문의 적 물리치기,,击败神秘的敌人,
Defend for 8 turns,,Défendez pendant 8 tours,,Difenditi per 8 turni,,8 Runden lang verteidigen,,Defiéndete durante 8 turnos.,,8ターンの間守り抜け,,8턴 동안 방어,,打败 8 个回合,
Defend Jamira from the orc assault and keep the militia alive,,Défendez Jamira de l'assaut des orcs et gardez la milice en vie,,Difendi Jamira dall'assalto degli orchi e mantieni in vita la milizia,,Verteidige Jamira gegen den Ork-Angriff und halte die Miliz am Leben,,Defiende a Jamira del asalto de los orcos y mantén viva a la milicia,,オークの襲撃からジャミラを守り、兵士たちが生存した状態で勝利せよ,,오크의 공격으로부터 자미라를 보호하고 민병대 살리기,,守卫杰米拉村，抵御兽族攻击，保证民兵存活,
