Empty,,Vide,,Vuoto,,Leer,,Vacío,,空の,,비어있는,,空的,,,,,,,,,,,,,,,,,,
,,,,,,,,,,,,,,,,,,,,,,,,,,,,,,,,
Blood Orange,restores 10HP,Orange Sanguine,restaure 10 PV,Arancia sanguigna,ripristina 10 PS,Blutorange,stellt 10 TP wieder her,Naranja sanguina,restablece 10 PS.,ブラッドオレンジ,HPを10回復,블러드 오렌지,10HP 회복,血橙,恢复 10 点生命值,,,A delicious orange,,Une délicieuse orange.,,Un'arancia deliziosa.,,Eine leckere Orange,,Una naranja deliciosa.,,おいしいオレンジ,,맛있는 오렌지,,美味的橙子
Vorrin Tuber,restores 20HP,Tubercule de Vorrin,restaure 20 PV,Tubero di Vorrin,ripristina 20 PS,Vorrinknolle,stellt 20 TP wieder her,Tubérculo de Vorrin,restablece 20 PS.,ヴォリンチューバー ,HPを20回復,보린 덩이줄기,20HP 회복,沃林薯,恢复 20 点生命值,,,A grimy potato from the harsh climate of Kharmont,,Une racine provenant du rude climat de Kharmont.,,Una patata sporca di terra cresciuta nel rigido clima di Kharmont.,,Eine schmutzige Kartoffel aus dem rauen Klima von Kharmont,,Una patata mugrienta del duro clima de Kharmont.,,カーモントの厳しい気候で育ったすすけたジャガイモ,,카르몬트의 혹독한 기후에서 자란 못생긴 감자,,来自卡尔蒙特恶劣气候下的肮脏马铃薯
Crab Cake,restores 30HP,Gâteau au Crabe,restaure 30 PV,Tortino di granchio,ripristina 30 PS,Krabbenpastete,stellt 30 TP wieder her,Pastel de cangrejo,restablece 30 PS.,カニのケーキ,HPを30回復,크랩 케이크,30HP 회복,蟹饼 ,恢复 30 点生命值,,,Never trust an inland crab cake,,N'en achetez que près des côtes.,,Mai fidarsi di un tortino di granchio cucinato nell'entroterra.,,Traue niemals einer Krabbenpastete im Binnenland,,Nunca te fíes de un pastel de cangrejo de interior.,,内陸部の淡水カニのケーキの味を信用してはいけない,,내륙의 크랩 케이크는 절대로 믿지 마세요,,永远不要相信内陆蟹饼
Aramor Oysters,restores 40HP,Huîtres d'Aramor,restaure 40 PV,Ostriche di Aramor,ripristina 40 PS,AramorAustern,stellt 40 TP wieder her,Ostras de Aramor,restablecen 40 PS.,アラモルのカキ,HPを40回復,아라모르 굴,40HP 회복,阿拉莫生蚝 ,恢复 40 点生命值,,,Require extreme talent to consume during battle,,Arriver à les consommer en plein combat est déjà une victoire en soi.,,Richiedono un talento incredibile per essere consumate in battaglia.,,"Es erfordert reichlich Talent, sie im Kampf zu essen",,Hace falta muchísimo talento para consumirlas durante la batalla.,,戦闘中に食べきるには非凡な食欲が求められる,,전투 중에 먹으려면 극한의 재능이 필요합니다,,需要极品天才才能经得起战争消耗
Corn on the Cob,restores 50HP,Cobette de Maïs,restaure 50 PV,Pannocchia arrostita,ripristina 50 PS,Maiskolben,stellt 50 TP wieder her,Mazorca de maíz,restablece 50 PS.,まるごとトウモロコシ,HPを50回復,통옥수수,50HP 회복,玉米棒子,恢复 50 点生命值,,,Many Delians feel a sense of pride regarding high quality corn,,Les Déliais mettent un point d'honneur à cultiver un maïs de qualité.,,Molti deliani provano un senso di orgoglio verso il mais di buona qualità.,,Viele Delianer empfinden Stolz auf hochwertigen Mais,,Muchos delianos sienten orgullo por el maíz de alta calidad.,,多くのデリア人は、地元のおいしいトウモロコシに誇りを持っている,,많은 델리아인이 최고 품질의 옥수수에 자부심을 느낍니다,,许多得洛斯人因优质玉米感到自豪
Leg of Mutton,restores 60HP,Gigot de Mouton,restaure 60 PV,Coscia di montone,ripristina 60 PS,Hammelkeule,stellt 60 TP wieder her,Pierna de cordero,restablece 60 PS.,羊のもも肉,HPを60回復,양다리 고기,60HP 회복,羊腿,恢复 60 点生命值,,,Best consumed in a single bite,,Encore meilleur en une seule bouchée.,,Ancora più gustosa se consumata in un sol boccone.,,Sollte als ein Bissen aufgegessen werden,,Lo mejor es consumirla de un solo bocado.,,一口でたいらげるのが最高の食べ方,,한입에 먹는 게 가장 좋습니다,,一口吃最好
Holy Water,restores 70HP,Eau Bénite,restaure 70 PV,Acqua santa,ripristina 70 PS,Weihwasser,stellt 70 TP wieder her,Agua bendita,restablece 70 PS.,聖水,HPを70回復,성수,70HP 회복,圣水,恢复 70 点生命值,,,"You aren't really supposed to drink it, but it's quite good",,"Normalement vous ne devriez pas en boire, mais ça ne peut pas faire de mal.",,"Non è fatta per essere bevuta, ma ha comunque un buon sapore.",,"Sollte man nicht trinken, ist aber recht gut",,"No deberías bebértela, pero está bastante buena.",,元来飲用ではないが、効果は抜群だ,,"원래 마시면 안 되지만, 꽤 괜찮습니다",,你真的不应该喝，但是确实美味
Enchanted Bacon,restores 80HP,Bacon Enchanté,restaure 80 PV,Bacon incantato,ripristina 80 PS,Verzauberter Speck,stellt 80 TP wieder her,Beicon encantado,restablece 80 PS.,極上ベーコン,HPを80回復,마법 베이컨,80HP 회복,魔法培根,恢复 80 点生命值,,,Produced by Enchanted Farms in Neullais. Not actually magical,,Pur produit des Fermes Enchantées de Neuillais. Le « magique » c'est juste pour la pub.,,Prodotto presso le Fattorie incantate di Neullais. Non ha nulla di magico.,,Wird auf dem Verzauberten Hof in Neullais hergestellt. Nicht wirklich magisch.,,"Lo producen las granjas encantadas de Neullais, pero no tiene nada de mágico.",,ニューライスの一流の農場で生産されたもの,,"눌레의 마법 농장에서 생산되었지만, 마력은 없습니다",,由纽莱魔法农场生产，但实际上并不具有魔法
Lavelle Cheesesteak,restores 90HP,Steak au Fromage de Lavelle,restaure 90 PV,Cistecca di Lavelle,ripristina 90 PS,Cheesesteak Lavelle,stellt 90 TP wieder her,Bistec con queso de Lavelle,restablece 90 PS.,ラヴェルのチーズステーキ,HPを90回復,라벨 치즈스테이크,90HP 회복,拉维尔芝士牛排,恢复 90 点生命值,,,"They make them in Sojourn too, but they just aren't the same",,"On en mange aussi à Sojourn, mais c'est pas la même chose.",,"Le fanno anche a Sojourn, ma non hanno lo stesso sapore.",,"Wird auch in Sojourn hergestellt, aber das ist nicht ganz dasselbe",,"También los hacen en Sojourn, pero no están tan buenos.",,ソジャーンでも作られているが、品質は同じではない,,소저른에서도 만들지만 똑같지는 않습니다,,他们也在旅居地生产，但是也不太一样
Sparkling Mead,restores 100HP,Hydromel Pétillant,restaure 100 PV,Idromele frizzante,ripristina 100 PS,Perlmet,stellt 100 TP wieder her,Hidromiel espumoso,restablece 100 PS.,スパークリング蜂蜜酒,HPを100回復,탄산 벌꿀주,100HP 회복,气泡蜂蜜酒 ,恢复 100 点生命值,,,Frequently outlawed in eastern coastal towns,,Illégal sur la voie publique.,,Dichiarato illegale in molte località di mare dell'est.,,In den östlichen Küstenstädten meist verboten,,Suele estar prohibido en las ciudades costeras del este.,,多くの東海岸の町で違法とされている飲み物,,동부 해안 마을에서는 자주 금지됩니다,,在东部沿海城镇经常被亡命暴徒肆掠
,,,,,,,,,,,,,,,,,,,,,,,,,,,,,,,,
,,,,,,,,,,,,,,,,,,,,,,,,,,,,,,,,
,,,,,,,,,,,,,,,,,,,,,,,,,,,,,,,,
,,,,,,,,,,,,,,,,,,,,,,,,,,,,,,,,
,,,,,,,,,,,,,,,,,,,,,,,,,,,,,,,,
,,,,,,,,,,,,,,,,,,,,,,,,,,,,,,,,
,,,,,,,,,,,,,,,,,,,,,,,,,,,,,,,,
,,,,,,,,,,,,,,,,,,,,,,,,,,,,,,,,
,,,,,,,,,,,,,,,,,,,,,,,,,,,,,,,,
Spicy Meatball,restores 40% HP,Boulettes Épicées,restaure 40 % des PV,Polpette piccanti,ripristina il 40% dei PS,Fleischklops,stellt 40 % TP wieder her,Albóndiga picante,restablece un 40 % de PS.,スパイシーミートボール,HPを40％回復,스파이시 미트볼,40% HP 회복,麻辣肉丸,恢复 40% 的生命值,,,Caution: Hot,,Attention c'est chaud !,,Attenzionedavvero piccanti.,,Vorsicht scharf,,Ojopica mucho.,,とにかく辛い,,주의뜨겁습니다,,小心：烫
Baked Beans,restores 60% HP,Haricots en Sauce,restaure 60 % des PV,Fagioli stufati,ripristina il 60% dei PS,Baked Beans,stellt 60 % TP wieder her,Judías al horno,restablecen un 60 % de PS.,ベイクドビーンズ,HPを60％回復,베이크드 빈스 ,60% HP 회복,焗豆,恢复 60% 的生命值,,,Don't spill,,N'allez pas en renverser.,,Capitano proprio nel momento più adatto.,,Nichts verschütten,,Con plus de flatulencia.,,こぼさないように注意,,흘리지 마세요,,不要溅出来
Garlic Bread,restores 80% HP,Pain à l'Ail,restaure 80 % des PV,Pane all'aglio,ripristina l'80% dei PS,Knoblauchbrot,stellt 80 % TP wieder her,Pan de ajo,restablece un 80 % de PS.,ガーリックブレッド,HPを80％回復,마늘빵,80% HP 회복,蒜蓉面包,恢复 80% 的生命值,,,Somehow still warm and toasty,,Ne me demandez pas comment elle est restée chaude et croustillante.,,Per qualche motivo è ancora caldino e croccante.,,Irgendwie noch warm und knusprig,,Increíble que aún esté caliente.,,まだ熱くてカリカリだ,,아직 따끈따끈합니다,,"不知何故仍然温暖,就像新出炉的一样"
Fizzly Drink,restores 100% HP,Soda,restaure 100 % des PV,Bibita gasata,ripristina il 100% dei PS,Brause,stellt 100 % TP wieder her,Refresco,restablece un 100 % de PS.,スペシャルソーダ,HPを100％回復,피즐리 음료,100% HP 회복,汽水,恢复 100% 的生命值,,,Tastes like it might cause mass health issues in future Delia,,Ça a le goût des futurs problèmes cardiovasculaires de Délia.,,Sa di qualcosa che causerà grandi problemi di salute a tutta Delia.,,Könnte in Zukunft in Delia massenhaft Gesundheitsprobleme verursachen,,Sabe a que podría causar enormes problemas de salud en Delia.,,デリアの民に将来健康問題を起こしかねない味だ,,향후 델리아에 거대한 건강 문제를 일으킬 것 같은 맛,,尝起来可能会导致未来得洛斯出现大规模健康问题一样
,,,,,,,,,,,,,,,,,,,,,,,,,,,,,,,,
,,,,,,,,,,,,,,,,,,,,,,,,,,,,,,,,
,,,,,,,,,,,,,,,,,,,,,,,,,,,,,,,,
,,,,,,,,,,,,,,,,,,,,,,,,,,,,,,,,
,,,,,,,,,,,,,,,,,,,,,,,,,,,,,,,,
,,,,,,,,,,,,,,,,,,,,,,,,,,,,,,,,
,,,,,,,,,,,,,,,,,,,,,,,,,,,,,,,,
,,,,,,,,,,,,,,,,,,,,,,,,,,,,,,,,
,,,,,,,,,,,,,,,,,,,,,,,,,,,,,,,,
,,,,,,,,,,,,,,,,,,,,,,,,,,,,,,,,
,,,,,,,,,,,,,,,,,,,,,,,,,,,,,,,,
,,,,,,,,,,,,,,,,,,,,,,,,,,,,,,,,
,,,,,,,,,,,,,,,,,,,,,,,,,,,,,,,,
,,,,,,,,,,,,,,,,,,,,,,,,,,,,,,,,
,,,,,,,,,,,,,,,,,,,,,,,,,,,,,,,,
,,,,,,,,,,,,,,,,,,,,,,,,,,,,,,,,
,,,,,,,,,,,,,,,,,,,,,,,,,,,,,,,,
,,,,,,,,,,,,,,,,,,,,,,,,,,,,,,,,
,,,,,,,,,,,,,,,,,,,,,,,,,,,,,,,,
,,,,,,,,,,,,,,,,,,,,,,,,,,,,,,,,
,,,,,,,,,,,,,,,,,,,,,,,,,,,,,,,,
,,,,,,,,,,,,,,,,,,,,,,,,,,,,,,,,
,,,,,,,,,,,,,,,,,,,,,,,,,,,,,,,,
,,,,,,,,,,,,,,,,,,,,,,,,,,,,,,,,
,,,,,,,,,,,,,,,,,,,,,,,,,,,,,,,,
,,,,,,,,,,,,,,,,,,,,,,,,,,,,,,,,
Guga Steak,+5 HP permanent,Steak Guga,+5 HP permanents,Bistecca di Guga,+5 PS massimi,Gugasteak,+ 5 TP permanent,Filete Guga,+5 PS permanentes.,グーガのステーキ,最大HPを永続的に+5,구가 스테이크,+5 영구 HP,古加牛排,永久性 +5 的生命值,,,"Well marbled, cooked sousvide in the most advanced cooking tech",,Bien persillé et cuisiné sous vide avec des instruments de cuisine hightech.,,"Ben marezzata e cotta sottovuoto a basse temperature, sfruttando le più avanzate tecniche di cucina.",,Schön marmoriert und mit der neuesten Küchentechnik sous vide gegart,,Bien veteado y cocinado al vacío con la tecnología más avanzada.,,霜降りを煮込む真空調理法。最先端の調理技術をご賞味あれ,,"마블링이 좋고, 최첨단 조리 기술로 요리된 수비드",,大理石纹路，采用最先进的烹饪技术烹制真空低温烹调法
Raw Egg,+2 STR permanent,Œuf cru,+2 FOR permanents,Uovo crudo ,+2 FRZ massima,Rohes Ei,+ 2 KRA permanent,Huevo crudo,+2 de FUE permanentes.,生卵 ,筋力を永続的に+2,날달걀 ,영구적 +2 힘,生鸡蛋 ,永久性 +2 的能量,,,Crack it and snack it. Only for the heartiest of heroes,,Le simple fait de la gober fait déjà de vous un héros.,,Da rompere e consumare sul momento. Solo per i guerrieri più robusti.,,Aufschlagen und aufessen. Nur für handfeste Helden.,,"Lo rompes y te lo comes, como los héroes más enérgicos.",,割って飲もう。元気はつらつなヒーローにだけ使おう,,깨뜨려서 드세요. 가장 마음이 따뜻한 영웅들을 위해,,把它弄碎，作为点心吃掉。只供给最热心的英雄
Avocado Toast,+2 MAG permanent,Toast à l'Avocat ,+2 MAG permanents,Toast all'avocado,+2 MAG massima,Avocadotoast, + 2 MAG permanent,Tostada de aguacate,+2 de MAG permanentes.,アボカドトースト,魔力を永続的に+2,아보카도 토스트,영구적 +2 마법,鳄梨吐司 ,永久性增加 +2 的 MAG,,,All the rage among the youth in Vorrin right now,,Super à la mode dans les brunches vorinnais.,,Il piatto più alla moda fra i giovani di Vorrin.,,Der aktuelle Renner bei der Jugend in Vorrin,,Está muy de moda entre la juventud de Vorrin.,,ヴォリンの若者の間で大流行の食べ物,,지금 보린의 젊은이들 사이에 대유행,,现在在沃林的年轻人中风靡一时
Jar of Milk,+2 DEF permanent,Lait,+2 DEF permanents,Brocca di latte,+2 DIF massima,Glas Milch,+ 2 VER permanent,Jarra de leche,+2 de DEF permanentes.,牛乳,防御力を永続的に+2,우유 한 병,영구적 +2 방어,一罐牛奶 ,永久性增加 +2 的防御能力,,,Are you really going to just drink that all?,,Vous allez vraiment boire tout ça ?,,Hai davvero intenzione di berla tutta?,,Willst du das wirklich alles trinken?,,¿En serio te vas a beber todo eso?,,まさか…一気飲みするつもりかい？,,정말 다 마실 건가요?,,你真的要喝那么多吗？
Dwarven Stew,+2 FOR permanent,Ragoût des Nains,+2 COU permanents,Stufato dei nani,+2 TEM massima,Zwergeneintopf,+2 STA permanent,Estofado de enanos,+2 de FOR permanentes.,ドワーフのシチュー ,精神力を永続的に+2,드워프 스튜 ,영구적 +2 의지,矮人炖肉,永久性增加 +2 的勇气值,,,"The stew itself isn't nutritional, but the experience surely is",,L'expérience de vous envoyer ça dans le gosier est plus nutritive que le ragoût luimême.,,"Lo stufato in sé non ha niente di nutriente, ma è una vera esperienza culinaria.",,"Der Eintopf selbst ist nicht wirklich nahrhaft, die Erfahrung dagegen schon",,"El estofado en sí no es nutritivo, pero la experiencia vaya si lo es.",,シチュー自体の栄養価はさほどではないが、その経験は貴重である,,"스튜 자체는 영양가가 없지만, 경험엔 분명히 있습니다",,炖菜本身没有营养，但体验肯定是有
Naja Fishlog,+2 DEX permanent,Sushi de Naja,+2 DEX permanents,Baccalà fritto di Naja,+2 DES massima,NajaFischblock,+2 GES permanent,Pescado de Naja,+2 de DES permanentes.,ナジャのちくわ,器用さを永続的に+2,나자 피시로그,영구적 +2 민첩,纳迦鱼志 ,永久性增加 +2 点敏捷值,,,Eat with funny little sticks that improve handeye coordination,,Vous n'aurez pas de bonus de dextérité si vous mangez avec des baguettes.,,Da mangiare con dei buffi bastoncini per lavorare anche sulla propria coordinazione occhiomano.,,"Wird mit kleinen Stäbchen gegessen, was die HandAugeKoordination fördert",,Para atraparlo fueron necesarios hasta 288 intentos.,,ハンド・アイ・コーディネーションを鍛えられる小さな棒と共に味わおう,,손과 눈의 협응력을 향상하는 재미있고 작은 막대기로 드세요,,用有趣的小棍子吃饭，提高手眼协调能力
Exquisite Wine,+2 MAS permanent,Grand Cru,+2 MAI permanents,Vino pregiato ,+2 MAE massima,Edler Weißwein ,+2 MEI permanent,Vino exquisito,+2 de MAE permanentes.,最高級ワイン,熟練度を永続的に+2,최고급 와인,영구적 +2 숙달,精品酒,永久性增加 +2 MAS 值,,,Does it really increase Mastery if you don't tell everyone about it?,,À quoi bon se le jeter derrière la cravate si vous ne pouvez pas vous en vanter ?,,Aumenta la maestria anche se non racconti a tutti di averlo bevuto?,,"Erhöht er wirklich die Meisterschaft, wenn man es nicht aller Welt erzählt?",,¿Realmente aumenta la maestría si no se lo vas contando a todos?,,その味についてみんなに語れば、熟練度があがるだろう。,,아무에게도 말하지 않으면 정말 숙달을 증가시키나요?,,如果你不告诉所有人，真能增加精通度吗？
Hot Bean Juice,+2 SPD permanent,Jus de Haricot,+2 VIT permanents,Sugo di fagioli piccante,+2 VEL massima,Bohnensud,+2 TEM permanent,Jugo de judías caliente,+2 de VEL permanentes.,ホットビーンジュース,素早さを永続的に+2,뜨거운 콩즙,영구적 +2 속도,热豆汁,永久性增加 +2 点 SPD 值,,,Something about this stimulating mixture makes you want to sprint,,Nul ne sait ce qui augmente la vitesse entre le consommer ou vouloir le fuir.,,Qualcosa in questo invitante miscuglio ti fa venire voglia di correre.,,Irgendetwas in dieser anregenden Mischung treibt zum Laufen an,,Esta estimulante mezcla tiene algo que te da ganas de irte corriendo.,,このスパイシーな飲み物は、飲んだ者を疾走へと駆り立てる,,이 자극적인 혼합물의 무언가가 전력 질주하게 만듭니다,,这种刺激性的混合物让你想要冲刺
Dragon Jerky,+2 LCK permanent,Viande de Dragon Séchée,+2 CHA permanents,Carne di drago essiccata,+2 FRT massima,Drachendörrfleisch,+2 GLÜ permanent,Cecina de dragón,+2 de SUE permanentes.,ドラゴンジャーキー,運の良さを永続的に+2,드래곤 육포,영구적 +2 행운,龙肉干 ,永久性增加 +2 点 LCK 值,,,Surprisingly small portion for the container it came in,,La portion est ridiculement petite quand on connait la taille de la bête.,,"Una porzione inaspettatamente piccola, vista la confezione esterna.",,Überraschend kleine Portion im Vergleich zur Verpackung,,"Visto el envase, la ración es sorprendentemente pequeña.",,高そうな入れ物に入っているが、中身はめちゃくちゃ少ない,,들어있던 용기에 비하면 놀랄 만큼 작은 양,,令人惊讶的是它只占了容器的一小部分
,,,,,,,,,,,,,,,,,,,,,,,,,,,,,,,,
,,,,,,,,,,,,,,,,,,,,,,,,,,,,,,,,
,,,,,,,,,,,,,,,,,,,,,,,,,,,,,,,,
,,,,,,,,,,,,,,,,,,,,,,,,,,,,,,,,
,,,,,,,,,,,,,,,,,,,,,,,,,,,,,,,,
,,,,,,,,,,,,,,,,,,,,,,,,,,,,,,,,
,,,,,,,,,,,,,,,,,,,,,,,,,,,,,,,,
,,,,,,,,,,,,,,,,,,,,,,,,,,,,,,,,
,,,,,,,,,,,,,,,,,,,,,,,,,,,,,,,,
,,,,,,,,,,,,,,,,,,,,,,,,,,,,,,,,
,,,,,,,,,,,,,,,,,,,,,,,,,,,,,,,,
,,,,,,,,,,,,,,,,,,,,,,,,,,,,,,,,
,,,,,,,,,,,,,,,,,,,,,,,,,,,,,,,,
,,,,,,,,,,,,,,,,,,,,,,,,,,,,,,,,
,,,,,,,,,,,,,,,,,,,,,,,,,,,,,,,,
,,,,,,,,,,,,,,,,,,,,,,,,,,,,,,,,
,,,,,,,,,,,,,,,,,,,,,,,,,,,,,,,,
,,,,,,,,,,,,,,,,,,,,,,,,,,,,,,,,
,,,,,,,,,,,,,,,,,,,,,,,,,,,,,,,,
,,,,,,,,,,,,,,,,,,,,,,,,,,,,,,,,
,,,,,,,,,,,,,,,,,,,,,,,,,,,,,,,,
Theron's Passion,Aspect of Competition,Passion de Théron ,Aspect de Compétition,Passione di Theron,Cimelio della competizione,Therons Leidenschaft,Aspekt Wettkampf,La pasión de Theron,aspecto de competición,セロンの情熱,争の霊石,테론의 열정,경쟁의 상,西伦激情,赛相力,,,Critting increases crit chance by 1% for the rest of the level,,Augmente les chances de coup critique de 1 % pour la durée du niveau,,Sferrare colpi critici aumenta la probabilità di colpo critico dell'1% per il resto del livello,,Erhöht die Chance auf kritische Treffer für den Rest des Levels um 1 %,,Ejecutar un crítico aumenta un 1 % la probabilidad de crítico durante el resto del nivel.,,必殺が出るたびに、同じレベルでいる間は必殺率が1％増加する,,크리팅은 레벨의 나머지 부분에서 치명타 확률을 1% 증가합니다,,暴击使其余关卡的暴击几率提高 1%
Chamden's Flux,Aspect of Chaos,Flux de Chamden ,Aspect du Chaos,Flusso di Chamden,Cimelio del caos,Chamdens Fluss,Aspekt Chaos,El flujo de Chamden,aspecto de caos,チャムデンの流入,沌の霊石,챔든의 유동,혼돈의 상,查姆登通量,乱相力,,,Damage is changed a random amount up to plus/minus 30%,,Les dégâts sont aléatoirement modifiés de plus ou moins 30 %,,I danni subiscono un aumento o una diminuzione del 30% in maniera casuale,,Schaden ändert sich um einen zufälligen Betrag von bis zu +/30 %,,El daño aumenta o disminuye en una cantidad aleatoria de hasta el 30 %.,,ダメージがプラス/マイナス30％の範囲でランダムに変更される,,대미지가 최대 +/30%까지 무작위로 변합니다,,伤害值随机变化至正/负 30%
Faine's Judgement,Aspect of Oaths,Jugement de Faine ,Aspect des Serments,Giudizio di Faine,Cimelio delle promesse,Faines Urteil,Aspekt Eide,El juicio de Faine,aspecto de juramentos,フェインの審判,約の霊石,페인의 심판,맹세의 상,费恩的审判,言相力,,,Nearby bonded units increase damage by 5%,,Les unités à proximité en synergie augmentent les dégâts de 5 %,,Le unità vicine con cui ha un legame aumentano i danni inflitti del 5%,,Bei gebundenen Einheiten in der Nähe steigt der Schaden um 5 %,,El daño infligido por unidades vinculadas cercanas aumenta un 5 %.,,近くにいる絆を確立したユニットが与えるダメージが、5％増加する,,주변에 결속된 유닛의 대미지가 5% 증가합니다,,附近被羁绊单位会增加 5% 的伤害
Ayn's Premonition,Aspect of Fear,Premonition d'Ayn ,Aspect de la Peur,Presagio di Ayn,Cimelio della paura,Ayns Vorahnung,Aspekt Furcht,La premonición de Ayn,aspecto de terror,アインの予感,怖の霊石,아인의 예감,공포의 상,艾恩的预感,惧相力,,,True Speed doubled when below 30% HP,,Vitesse Pure doublée sous 30 % de PV,,La vera velocità raddoppia quando i PS scendono sotto il 30%,,Bei <30 % TP verdoppelt sich das Realtempo,,La velocidad real se duplica con los PS por debajo del 30 %.,,HPが30％を下回ると、実戦速度が2倍になる,,HP가 30% 이하일 때 실제 속도가 두 배로 늘어납니다,,生命值低于 30% 时真实速度翻倍
Malice's Suffering,Aspect of Pain,Souffrance de Malice ,Aspect de la Douleur,Afflizione di Malice,Cimelio del dolore,Malices Leiden,Aspekt Schmerz,El sufrimiento de Malice,aspecto de dolor,マリスの苦悶,恨の霊石,맬리스의 수난,고통의 상,恶意的苦难,苦相力,,,"Crit +30%, defense and fortitude halved.",,"Dégâts critiques +30 %, défense et courage réduits de moitié.",,"+30% colpo critico, la difesa e la tempra vengono dimezzate",,"Krit + 30 %, Verteidigung und Standhaftigkeit halbiert.",,+30 % de crítico; defensa y fortaleza reducidas a la mitad.,,必殺率+ 30％、防御力と精神力が半減,,"치명타 +30%, 방어 및 의지가 절반으로 감소합니다.",,暴击 +30%，防御力和勇气减半
Njallum's Heritage,Aspect of Lineage,Héritage de Njallum ,Aspect de la Descendance,Eredità di Njallum,Cimelio della stirpe,Njallums Erbe,Aspekt Abstammung,La herencia de Njallum,aspecto de linaje,ヌジャラムの遺産,統の霊石,은잘룸의 유산,혈통의 상,尼亚卢姆传承,族相力,,,Mastery +20%,,Maîtrise +20 %,,+20% maestria,,Meisterschaft + 20 %,,+20 % de maestría.,,熟練度 +20%,,숙달 +20%,,精通度增加 +20%
Ziegrich's Luminance,Aspect of Knowledge,Radiance de Ziegrich ,Aspect du Savoir,Luminosità di Ziegrich,Cimelio della conoscenza,Ziegrichs Leuchten,Aspekt Wissen,La luminosidad de Ziegrich,aspecto de sabiduría,ジーグリッヒの光輝,知の霊石,지그리치의 휘도,지식의 상,齐格里奇亮度,识相力,,,Half of mastery is added to accuracy,,La moitié de la maîtrise est ajoutée à la précision,,Metà della maestria viene trasferita alla precisione,,Hälfte der Meisterschaft wird zu Präzision addiert,,La mitad de la maestría se añade a la precisión.,,熟練度の半分が命中に追加される,,숙달의 절반이 정확도에 추가됩니다,,精通度的一半增加到准确性
Manos's Fury,Aspect of Vengeance,Furie de Manos ,Aspect de la Vengeance,Furia di Manos,Cimelio della rivalsa,Manos‘ Zorn,Aspekt Rache,La furia de Manos,aspecto de venganza,マノスの憤怒,讐の霊石,마노스의 분노,복수의 상,马诺斯之怒,仇相力,,,"Hit rate is always 50%, power increased by 50%",,"La cadence de frappe est toujours de 50 %, la puissance augmente de 50 %",,"Il 50% dei colpi va sempre a segno, la potenza aumenta del 50%",,"Trefferquote ist immer 50 %, Macht steigt um 50 %",,La tasa de acierto es siempre del 50 % y el poder aumenta un 50 %.,,命中率が常に50％になり、威力が50％増加する,,적중률이 항상 50%이고 파워가 50% 증가합니다,,命中率始终为 50%，威力提升 50%
Kaithir's Promise,Aspect of Revenge,Promesse de Kaithir ,Aspect de Rancœur,Promessa di Kaithir,Cimelio della vendetta,Kaithirs Versprechen,Aspekt Rache,La promesa de Kaithir,aspecto de revancha,カイザーの約束,復の霊石,카이티르의 약속,보복의 상,凯瑟尔之诺,仇相力,,,Counterattack damage increased by 25%,,Les dégâts de contreattaque sont augmentés de 25 %,,I danni del contrattacco aumentano del 25%,,Schaden bei Gegenangriff steigt um 25 %,,El daño de contraataque aumenta un 25 %.,,反撃ダメージが25％増加,,역습 대미지가 25% 증가합니다,,反击伤害增加 25%
Vosh's Sanguination,Aspect of Blood,Pacte du Sang de Vosh ,Aspect du Sang,Dissanguamento di Vosh,Cimelio del sangue,Voshs Aderlass,Aspekt Blut,La sangría de Vosh,aspecto de sangre,ヴォッシュの失血,血の霊石,보쉬의 출혈,피의 상,沃什血腥,腥相力,,,Advanced stats increased by 10% of max HP.,,Les statistiques avancées sont augmentées de 10 % des PV maximum,,Le statistiche avanzate aumentano del 10% del valore dei PS massimi,,Kombiwerte steigen um 10 % der max. TP.,,Las estadísticas avanzadas aumentan en un valor equivalente al 10 % de los PS máximos.,,アドバンスドステータスが最大HPの10％分増加する,,고급 스탯이 최대 HP의 10% 증가합니다,,高级状态使最大生命值的 10% 提升 10%。
Yl'mars Faith,Aspect of Conviction,Foi de Yl'mars ,Aspect de la Conviction,Fede di Yl'mar,Cimelio della condanna,Yl‘mars Glaube,Aspekt Überzeugung,La fe de Yl'mars,aspecto de convicción,イルマーの信仰,念の霊石,일마르스의 믿음,신념의 상,伊尔马尔斯信仰,念相力,,,Grants 40% resistance to arcane magic,,Confère 40 % de résistance à la magie des arcanes,,Fornisce il 40% di resistenza alla magia arcana,,Gewährt 40 % Widerstand gegen arkane Magie,,Otorga un 40 % de resistencia a la magia arcana.,,呪術魔法に対して40％の耐性を付与する,,비전 마법에 40% 저항력을 부여합니다,,获得 40% 对奥术魔法的抗性
Kyne's Passage,Aspect of Time,Passage de Kyne ,Aspect du Temps,Passo di Kyne,Cimelio del tempo,Kynes Vergehen,Aspekt Zeit,El paso de Kyne,aspecto de tiempo,カインの時流,間の霊石,카인의 통로,시간의 상,凯恩通道,间相力,,,Each turn grants a 1% buff to advanced stats,,Chaque tour booste les statistiques avancées de 1 %,,1% bonus sulle statistiche avanzate a ogni turno ,,Jede Runde bringt 1 % Buff auf Kombiwerte,,Cada turno otorga un aumento del 1 % a las estadísticas avanzadas.,,毎ターンアドバンスドステータスに1％のバフ効果を与える,,턴마다 고급 스탯에 1% 버프를 부여합니다,,每回合为高级状态提供 1% 的增益
Hecleon's Pride,Hecleon's PrideAspect of the Ego,Orgueil d'Hecleon ,Aspect de l'Égo,Orgoglio di Hecleon,Cimelio dell'ego,Hecleons Stolz,Hecleons StolzAspekt Ego,El orgullo de Hecleon,aspecto de ego,ヘクレオンの傲慢,我の霊石,헤클레온의 긍지,자아의 상,赫克龙的骄傲,克龙的骄傲：自我相力,,,Enemies are much more likely to attack the holder.,,Les ennemis sont plus enclins à attaquer son porteur.,,I nemici attaccheranno chi lo possiede con maggiore probabilità,,Gegner greifen den Träger mit höherer Wahrscheinlichkeit an.,,Los enemigos son mucho más propensos a atacar al poseedor.,,敵が所持者を攻撃する確率が大幅に上がる,,적이 홀더를 공격할 가능성이 높아집니다.,,敌人更有可能攻击持有者。
Zeltar's Flight,Aspect of the Sky,Vol de Zeltar ,Aspect Céleste,Volo di Zeltar,Cimelio del cielo,Zeltars Flug,Aspekt Himmel,El vuelo de Zeltar,aspecto de cielo,ゼルターの飛行,空の霊石,젤타의 비행,하늘의 상,泽尔塔飞行,空相力,,,Swaps Strength and Speed,,Inverse la Force et la Vitesse,,Scambia la forza con la velocità,,Vertauscht Kraft und Tempo,,Intercambia la fuerza y la velocidad.,,筋力と素早さの数値が入れ替わる,,힘과 속도를 바꿉니다,,切换力量和速度
Altum's Descent,Aspect of the Depths,Descente d'Altum ,Aspect des Profondeurs,Discesa di Altum,Cimelio delle profondità,Altums Abstieg,Aspekt Tiefe,El descenso de Altum,aspecto de profundidades,アルタムの降下,淵の霊石,알툼의 하강,심연의 상,奥图姆下降,渊相力,,,Dodge increased by 30% of strength,,L'esquive est augmentée par 30 % de la force,,La schivata aumenta del 30% del valore di forza,,Ausweichen steigt um 30 % der Kraft,,La evasión aumenta en un valor equivalente al 30 % de la fuerza.,,回避が筋力の30％分増加する,,회피가 힘의 30% 증가합니다,,增加 30% 的闪避力量
Varden's Ardor,Aspect of the Forge,Ardeur de Varden ,Aspect de la Forge,Fervore di Varden,Cimelio della forgia,Vardens Feuereifer,Aspekt Schmiede,El ardor de Varden,aspecto de forja,ヴァーデンの情熱,造の霊石,바덴의 정열,연마의 상,瓦尔登激情,造相力,,,Power increased by 15% of each weapon stat,,La puissance est augmentée de 15 % de chaque statistique d'arme,,La potenza aumenta del 15% del valore di ciascuna statistica delle armi,,Macht steigt um 15 % jedes Waffenwerts,,El poder aumenta en un valor equivalente al 15 % de cada estadística de arma.,,威力が各武器ステータスの15％分増加する,,각 무기 스탯의 파워가 15% 증가합니다,,每个武器状态的威力增加 15%
Aethe's Chill,Aspect of Ice,Sang Froid d'Aethe ,Aspect de la Glace,Brivido di Aethe,Cimelio del ghiaccio,Aethes Kühle,Aspekt Eis,El frío de Aethe,aspecto de hielo,アーセの寒気,結の霊石,애테의 냉기,얼음의 상,艾瑟的寒意,之相力,,,Grants 40% resistance to fire magic.,,Confère 40 % de résistance à la magie du feu.,,Fornisce il 40% di resistenza alla magia del fuoco,,Gewährt 40 % Widerstand gegen Feuermagie,,Otorga un 40 % de resistencia a la magia de fuego.,,火炎魔法に対して40％の耐性を付与する,,화염 마법에 40% 저항력을 부여합니다,,获得 40% 的火焰魔法抗性。
Prisbel's Rumble,Aspect of Thunder,Vacarme de Prisbel ,Aspect du Tonnerre,Boato di Prisbel,Cimelio del tuono,Prisbels Grollen,Aspekt Donner,El estruendo de Prisbel,aspecto de trueno,プリズベルの雷鳴,妻の霊石,프리스벨의 고성,천둥의 상,普里斯贝尔的隆隆声,霆相力,,,Grants 40% resistance to storm magic.,,Confère 40 % de résistance à la magie des tempêtes.,,Fornisce il 40% di resistenza alla magia del fulmine,,Gewährt 40 % Widerstand gegen Sturmmagie,,Otorga un 40 % de resistencia a la magia de tormenta.,,嵐魔法に対して40％の耐性を付与する,,폭풍 마법에 40% 저항력을 부여합니다,,获得 40% 的风暴魔法抗性。
Pelagiel's Flash,Aspect of Lightning,Foudre de Pelagiel ,Aspect de l'Éclair,Bagliore di Pelagiel,Cimelio del fulmine,Pelagiels Blitzlicht,Aspekt Blitz,El destello de Pelagiel,aspecto de rayo,ペラギエルの閃光,撃の霊石,펠라기엘의 섬광,번개의 상,佩拉吉尔之闪光,电相力,,,"If doubling, second attack deals 25% increased damage",,"En cas de double attaque, la deuxième inflige 25 % de dégâts supplémentaires",,"In caso di doppio attacco, i danni inflitti con il secondo attacco aumentano del 25%",,Bei Doppelangriff fügt der zweite Angriff 25 % mehr Schaden zu,,"En ataques dobles, el segundo ataque inflige un 25 % más de daño.",,2回攻撃の時、2回目でダメージが25％増加する,,"이중 공격일 경우, 두 번째 공격은 25% 증가한 대미지를 입힙니다",,如果加倍，第二次攻击造成的伤害提高 25%
Koeli's Spirit,Aspect of the Soul,Esprit de Koeli ,Aspect de l'Âme,Spirito di Koeli,Cimelio dell'anima,Koelis Geist,Aspekt Seele,El espíritu de Koeli,aspecto de alma,コエリの精神,魂の霊石,코엘리의 정신,영혼의 상,科利精神,魂相者,,,Swaps defense and fortitude,,Inverse la défense et le courage,,Scambia la difesa con la tempra,,Vertauscht Verteidigung und Standhaftigkeit,,Intercambia la defensa y la fortaleza,,防御力と精神力の数値が入れ替わる,,방어와 의지를 바꿉니다,,交换防御和勇气能量
Ellis' Light,Aspect of the Sun,Lumière d'Ellis ,Aspect du Soleil,Luce di Ellis,Cimelio del sole,Ellis‘ Licht,Aspekt Sonne,La luz de Ellis,aspecto de sol,エリスの光明,陽の霊石,엘리스의 빛,태양의 상,埃利斯之光,阳相力,,,Healing power increased by 50%,,Les pouvoirs de guérison sont augmentés de 50 %,,La potenza di guarigione aumenta del 50%,,Heilkraft steigt um 50 %,,El poder de curación aumenta un 50 %.,,ヒーリングの効果が50％増加する,,치유 파워가 50% 증가합니다,,治疗能力提高 50%
Orion's Pursuit,Aspect of the Hunt,Traque d'Orion ,Aspect de la Chasse,Inseguimento di Orion,Cimelio della caccia,Orions Verfolgung,Aspekt Jagd,La persecución de Orión,aspecto de caza,オリオンの追跡,猟の霊石,오리온의 추격,사냥의 상,猎户座追击,猎相力,,,Hit Chance +15%,,Chance de toucher +15 %,,15% probabilità di colpire ,,Trefferchance +15 %,, +15 % de probabilidad de impacto.,,命中率+15％,,적중 확률 +15%,,命中率 +15%
Almadessa's Glade,Aspect of the Forest,Clairière d'Almadessa ,Aspect de la Forêt,Radura di Almadessa,Cimelio della foresta,Almadessas Lichtung,Aspekt Wald,El claro de Almadessa,aspecto de bosque,アルマデッサの湿地,林の霊石,알마데사의 빈터,숲의 상,阿尔玛德萨林间空地,林相力,,,Fortitude +10 with no adjacent allies,,Courage +10 sans allié adjacent,,10 di tempra quando non ci sono alleati adiacenti,,Standhaftigkeit +10 ohne benachbarte Verbündete,,10 de fortaleza sin aliados adyacentes.,,隣接する味方がいない場合、精神力+10,,인접한 동맹군이 없을 때 의지 +10,,周围盟友盟友时勇气 +10
Sarathel's Sight,Aspect of Clarity,Vision de Sarathel ,Aspect de Clarté,Vista di Sarathel,Cimelio della chiarezza,Sarathels Sicht,Aspekt Klarheit,La vista de Sarathel,aspecto de claridad,サラセルの視界,瞭の霊石,사라델의 시야,명료성의 상,萨拉瑟尔视线,晰相力,,,"Attacking enemies marks them, increasing damage they take by 10% for 1 turn",,Les ennemis sont marqués par l'attaque et subissent 10 % de dégâts supplémentaires pendant 1 tour.,,"Attaccare i nemici lascia un marchio su di essi, i quali subiscono +10% di danni per 1 turno",,Angegriffene Gegner werden markiert und nehmen für 1 Runde 10 % mehr Schaden,,"Los enemigos quedan marcados al atacarlos, lo que aumenta un 10 % el daño que reciben durante 1 turno.",,敵を攻撃すると、敵にマークが付けられ、1ターンの間受けるダメージが10％増加する,,"공격하는 적에게 표식을 남겨, 1턴 동안 받는 대미지를 10% 증가시킵니다",,攻击敌人并做上标记，持续一个回合使其受到的伤害提高 10%
Samaran's Shade,Aspect of Shadow,Ombre de Samaran ,Aspect de l'Ombre,Ombra di Samaran,Cimelio dell'oscurità,Samarans Schatten,Aspekt Schatten,La sombra de Samaran,aspecto de sombra,サマランの陰影,陽の霊石,사마란의 그늘,그림자의 상,萨玛菈之阴影,影相力,,,Significantly lowers the rate at which enemies target the holder,,Les ennemis sont beaucoup moins enclins à prendre le porteur pour cible.,,Diminuisce di molto la probabilità che chi lo possiede venga preso di mira dai nemici,,"Senkt deutlich die Häufigkeit, mit der Gegner den Träger angreifen",,Reduce considerablemente la frecuencia con la que los enemigos atacan al poseedor.,,敵が所持者を攻撃する確率が大幅に下がる,,적이 홀더를 목표로 삼는 속도가 현저하게 느려집니다,,显着降低敌人瞄准持有者的速度
Shamac's Tide,Aspect of the Sea,Marée de Shamac ,Aspect de l'Océan,Marea di Shamac,Cimelio del mare,Shamacs Gezeiten,Aspekt Meer,La marea de Shamac,aspecto de mar,シャマックの潮汐,洋の霊石,샤맥의 조수,바다의 상,沙麦克之潮,海相力,,,Dodging heals 5 HP,,Esquiver soigne de 5 PV,,Schivare guarisce 5 PS,,Ausweichen heilt 5 TP,,Al esquivar se curan 5 PS,,攻撃を回避すると、HPを5回復する,,회피하면 5 HP가 치유됩니다,,躲闪治疗 5 的生命值
Jahno's Stupor,Aspect of Inebriation,Stupeur de Jahno ,Aspect de l'Ébriété,Torpore di Jahno,Cimelio dell'ebbrezza,Jahnos Benommenheit,Aspekt Rausch,El estupor de Jahno,aspecto de embriaguez,ジャーノの忘我,酊の霊石,자노의 인사불성,만취의 상,雅恩之迷醉,酒相力,,,"Dodge reduced by 60%, defense and fortitude increased by 10",,"L'esquive est réduite de 60 %, la défense et le courage augmentent de 10",,"La schivata diminuisce del 60%, la difesa e la tempra aumentano di 10",,"Ausweichen um 60 % reduziert, Verteidigung und Standhaftigkeit steigen um 10",,"La evasión disminuye un 60 %, la defensa y la fortaleza aumentan en 10.",,回避が60％減少し、防御力と精神力が10増加する,,"회피 60% 감소, 방어와 의지가 10 증가",,闪避效率降低 60%，防御和勇气值增加 10 个点
Vigmar's Charge,Aspect of War,Charge de Vigmar ,Aspect de la Guerre,Carica di Vigmar,Cimelio della guerra,Vigmars Angriff,Aspekt Krieg,La carga de Vigmar,aspecto de guerra,ヴィグマーの突撃,争の霊石,비그마르의 돌진,전쟁의 상,维格玛冲锋,争相力,,,Kills grant 1% power til end of chapter,,Chaque élimination augmente la puissance de 1 % jusqu'à la fin du chapitre,,Le uccisioni forniscono +1% potenza fino alla fine del capitolo,,Töten gewährt 1 % Macht bis zum Ende des Kapitels,,Las muertes otorgan un 1 % de poder hasta el final del capítulo,,敵を撃破すると、章の終わりまで威力が1％上がる,,사살이 장이 끝날 때까지 1% 파워를 부여합니다,,杀戮赋予 1% 的力量直到章节结束
Cassara's Blaze,Aspect of Flame,Déflagration de Cassara ,Aspect de la Flamme,Vampata di Cassara,Cimelio del fuoco,Cassaras Lohe,Aspekt Flamme,El incendio de Cassara,aspecto de llama,カッサラの業火,焼の霊石,카사라의 섬광,불꽃의 상,卡萨拉烈焰,焰相力,,,10% chance to do 1.5x damage,,"10 % de chance de multiplier les dégâts par 1,5",,"10% di probabilità di infliggere danni x1,5",,"10 % Chance, 1,5fachen Schaden zu verursachen",,"10 % de probabilidad de infligir daño x1,5.",,10％の確率で1.5倍のダメージを与える,,10% 확률로 1.5배 대미지,,10% 的机会造成 1.5x 伤害
Yl'andra's Font,Aspect of the Arcane,Écriture d'Yl'andra ,Aspect des Arcanes,Fonte di Yl'andra,Cimelio dell'arcano,Yl‘andras Quelle,Aspekt Arkanes,La fuente de Yl'andra,aspecto de lo arcano,ヤランドラの洗礼,式の霊石,일란드라의 서체,비전의 상,伊兰德拉之泉,术相力,,,Power +20%,,Puissance +20 %,,20% potenza,,Macht +20 %,, +20 % de poder.,,威力+20％,,파워 +20%,,能量 +20%
Huss' Hush,Aspect of Secrecy,Silence de Huss ,Aspect du Secret,Silenzio di Huss,Cimelio della segretezza,Huss‘ Stille,Aspekt Geheimes,El silencio de Huss,aspecto de secreto,フスの沈黙,密の霊石,허스의 침묵,비밀의 상,胡斯静谧,密相力,,,Nearby enemies deal 15% less magic damage,,Les ennemis à proximité infligent 15 % de dégâts magiques en moins,,I nemici nelle vicinanze infliggono15% di danni magici,,Gegner in der Nähe verursachen 15 % weniger magischen Schaden,,Los enemigos cercanos infligen un 15 % menos de daño de magia.,,近くの敵による魔法ダメージが15％減少する,,주변 적들의 마법 대미지 15% 감소,,附近的敌人造成少于 15% 的魔法伤害
Soleric's Rally,Aspect of Victory,Rassemblement de Soleric ,Aspect de la Victoire,Raduno di Soleric,Cimelio della vittoria,Solerics Erholung,Aspekt Sieg,La arenga de Soleric,aspecto de victoria,ソレリックの行軍,利の霊石,솔레릭의 랠리,승리의 상,索罗瑞克力赛,利相力,,,Attacking and defeating an enemy heals nearby allies for 10% HP,,Attaquer et vaincre un ennemi soigne les alliés proches de 10 % de leurs PV,,Attaccare e sconfiggere un nemico guarisce gli alleati nelle vicinanze di un valore pari al 10% dei PS,,"Wird ein Gegner angegriffen und besieht, erhalten Verbündete in der Nähe 10 % TP zurück",,Atacar y vencer a un enemigo cura un 10 % de los PS a los aliados cercanos.,,敵を攻撃して倒すと、近くにいる味方のHPを10％回復する,,적을 공격해서 물리치면 주변 동맹군의 HP 10%를 치유합니다,,攻击并击败敌人会为附近的盟友恢复 10% 的生命值
Izn's Hope,Aspect of Peace,Espérance ,Aspect de la Paix,Speranza di Izn,Cimelio della pace,Izns Hoffnung,Aspekt Frieden,La esperanza de Izn,aspecto de paz,イズンの希望,和の霊石,이즌의 희망,평화의 상,伊兹恩之希望,平相力,,,Grants 40% resistance to holy magic,,Confère 40 % de résistance à la magie sainte.,,Fornisce il 40% di resistenza alla magia sacra,,Gewährt 40 % Widerstand gegen heilige Magie,,Otorga un 40 % de resistencia a la magia sagrada.,,光魔法に対して40％の耐性を付与する,,신성 마법에 40% 저항력을 부여합니다,,获得 40% 的神圣魔法抗性
Ancara's Glow,Aspect of the Moons,Brillance d'Ancara ,Aspect des Lunes,Chiarore di Ancara,Cimelio delle lune,Ankaras Glanz,Aspekt Monde,El brillo de Ancara,aspecto de lunas,アンカラの微光,光の霊石,앙카라의 광채,달의 상,安卡拉之光,亮相力,,,"Luck depleted to increase power, dodge, and true speed",,"La chance est consommée au bénéfice de la puissance, de l'esquive et de la vitesse pure.",,"La fortuna si esaurisce, ma aumentano la potenza, la schivata e la vera velocità",,"Glück wird aufgebraucht, um Macht, Ausweichen und Realtempo zu erhöhen",,"La suerte se agota para aumentar el poder, la evasión y la velocidad real.",,運の良さが大幅に減少するが、威力、回避、実戦速度が増加する,,"행운이 고갈되고 파워, 회피, 실제 속도가 증가합니다",,运气耗尽以提升力量、闪避和真实速度
Innileth's Scale,Aspect of Justice,Balance d'Innileth ,Aspect de la Justice,Equilibrio di Innileth,Cimelio della giustizia,Innileths Waage,Aspekt Gerechtigkeit,La balanza de Innileth,aspecto de justicia,イニレスの片鱗,義の霊石,이닐레스의 천칭,정의의 상,英力士之秤,义相力,,,Swaps defense and strength,,Inverse la défense et la force,,Scambia la difesa con la forza,,Vertauscht Verteidigung und Kraft,,Intercambia la defensa y la fuerza.,,防御力と筋力の数値が入れ替わる,,방어와 힘을 바꿉니다,,切换防御力和能量
Quintare's Quill,Aspect of writing,Plume de Quintare ,Aspect de l'Écriture,Piuma di Quintare,Cimelio della scrittura,Quintares Feder,Aspekt Schreiben,La pluma de Quintare,aspecto de escritura,クインターレの毛筆,筆の霊石,퀸테이어의 깃펜,집필의 상,昆泰的羽毛笔,作相力,,,Swaps mastery and luck,,Inverse la maîtrise et la chance,,Scambia la maestria con la fortuna,,Vertauscht Meisterschaft und Glück,,Intercambia la maestría y la suerte.,,熟練度と運の良さの数値が入れ替わる,,숙달과 행운을 바꿉니다,,切换精通度和运气
Darmena's Kiss,Aspect of Love,Baiser de Darmena ,Aspect de l'Amour,Bacio di Darmena,Cimelio dell'amore,Darmenas Kuss,Aspekt Liebe,El beso de Darmena,aspecto de amor,ダルメナのキス,愛の霊石,다르메나의 키스,사랑의 상,达米纳之吻,情相力,,,Swaps crit and power,,Inverse les dégâts critiques et la puissance,,Scambia il colpo critico con la potenza,,Vertauscht Krit. und Macht,,Intercambia el crítico y el poder.,,必殺と威力の数値が入れ替わる,,치명타와 파워를 바꿉니다,,交换暴击力度和能量
Linhera's Whisper,Aspect of Wind,Chuchotement de Linhera ,Aspect du Vent,Sospiro di Linhera,Cimelio del vento,Linheras Flüstern,Aspekt Wind,El susurro de Linhera,aspecto de viento,リンヘラの息吹,風の霊石,린헤라의 속삭임,바람의 상,林赫拉低语,之相力,,,Swaps power and true speed,,Inverse la puissance et la vitesse pure,,Scambia la potenza con la vera velocità,,Vertauscht Macht und Realtempo,,Intercambia el poder y la velocidad real.,,威力と実戦速度の数値が入れ替わる,,파워와 실제 속도를 바꿉니다,,切换能量和真实速度
Kitara's Chord,Aspect of Music,Arpège de Kitara ,Aspect de la Musique,Accordo di Kitara,Cimelio della musica,Kitaras Akkord,Aspekt Musik,El acorde de Kitara,aspecto de música,キタラの調律,楽の霊石,키타라의 화음,음악의 상,吉他拉和弦,乐相力,,,Swaps accuracy and dodge,,Inverse la précision et l'esquive,,Scambia la precisione con la schivata,,Vertauscht Präzision und Ausweichen,,Intercambia la precisión y la evasión.,,命中と回避の数値が入れ替わる,,정확도와 회피를 바꿉니다,,切换精度和闪避能力
Yl'undrea's Drift,Aspect of Dreams,Onirisme d'Yl'undrea ,Aspect des Rêves,Deriva di Yl'undrea,Cimelio dei sogni,Yl‘undreas Drift,Aspekt Träume,La deriva de Yl'undrea,aspecto de sueños,ユルンドレアの漂流,想の霊石,일룬드레아의 표류,꿈의 상,伊兰德里亚漂移,之相力,,,Magic depleted to increase defense and fortitude,,Consomme la magie au bénéfice de la défense et du courage,,"La magia si esaurisce, ma aumentano la difesa e la tempra",,"Magie wird aufgebraucht, um Verteidigung und Standhaftigkeit zu erhöhen",,La magia se agota para aumentar la defensa y la fortaleza.,,魔力が大幅に減少するが、防御力と精神力が増加する,,마법이 고갈되고 방어와 의지가 증가합니다,,耗尽魔法来增加防御和坚韧
,,,,,,,,,,,,,,,,,,,,,,,,,,,,,,,,
,,,,,,,,,,,,,,,,,,,,,,,,,,,,,,,,
,,,,,,,,,,,,,,,,,,,,,,,,,,,,,,,,
,,,,,,,,,,,,,,,,,,,,,,,,,,,,,,,,
,,,,,,,,,,,,,,,,,,,,,,,,,,,,,,,,
,,,,,,,,,,,,,,,,,,,,,,,,,,,,,,,,
,,,,,,,,,,,,,,,,,,,,,,,,,,,,,,,,
,,,,,,,,,,,,,,,,,,,,,,,,,,,,,,,,
,,,,,,,,,,,,,,,,,,,,,,,,,,,,,,,,
,,,,,,,,,,,,,,,,,,,,,,,,,,,,,,,,
,,,,,,,,,,,,,,,,,,,,,,,,,,,,,,,,
,,,,,,,,,,,,,,,,,,,,,,,,,,,,,,,,
,,,,,,,,,,,,,,,,,,,,,,,,,,,,,,,,
,,,,,,,,,,,,,,,,,,,,,,,,,,,,,,,,
,,,,,,,,,,,,,,,,,,,,,,,,,,,,,,,,
,,,,,,,,,,,,,,,,,,,,,,,,,,,,,,,,
,,,,,,,,,,,,,,,,,,,,,,,,,,,,,,,,
,,,,,,,,,,,,,,,,,,,,,,,,,,,,,,,,
,,,,,,,,,,,,,,,,,,,,,,,,,,,,,,,,
,,,,,,,,,,,,,,,,,,,,,,,,,,,,,,,,
,,,,,,,,,,,,,,,,,,,,,,,,,,,,,,,,
,,,,,,,,,,,,,,,,,,,,,,,,,,,,,,,,
,,,,,,,,,,,,,,,,,,,,,,,,,,,,,,,,
,,,,,,,,,,,,,,,,,,,,,,,,,,,,,,,,
,,,,,,,,,,,,,,,,,,,,,,,,,,,,,,,,
,,,,,,,,,,,,,,,,,,,,,,,,,,,,,,,,
,,,,,,,,,,,,,,,,,,,,,,,,,,,,,,,,
,,,,,,,,,,,,,,,,,,,,,,,,,,,,,,,,
,,,,,,,,,,,,,,,,,,,,,,,,,,,,,,,,
,,,,,,,,,,,,,,,,,,,,,,,,,,,,,,,,
,,,,,,,,,,,,,,,,,,,,,,,,,,,,,,,,
,,,,,,,,,,,,,,,,,,,,,,,,,,,,,,,,
,,,,,,,,,,,,,,,,,,,,,,,,,,,,,,,,
,,,,,,,,,,,,,,,,,,,,,,,,,,,,,,,,
,,,,,,,,,,,,,,,,,,,,,,,,,,,,,,,,
,,,,,,,,,,,,,,,,,,,,,,,,,,,,,,,,
,,,,,,,,,,,,,,,,,,,,,,,,,,,,,,,,
,,,,,,,,,,,,,,,,,,,,,,,,,,,,,,,,
,,,,,,,,,,,,,,,,,,,,,,,,,,,,,,,,
,,,,,,,,,,,,,,,,,,,,,,,,,,,,,,,,
,,,,,,,,,,,,,,,,,,,,,,,,,,,,,,,,
,,,,,,,,,,,,,,,,,,,,,,,,,,,,,,,,
,,,,,,,,,,,,,,,,,,,,,,,,,,,,,,,,
,,,,,,,,,,,,,,,,,,,,,,,,,,,,,,,,
,,,,,,,,,,,,,,,,,,,,,,,,,,,,,,,,
,,,,,,,,,,,,,,,,,,,,,,,,,,,,,,,,
,,,,,,,,,,,,,,,,,,,,,,,,,,,,,,,,
,,,,,,,,,,,,,,,,,,,,,,,,,,,,,,,,
,,,,,,,,,,,,,,,,,,,,,,,,,,,,,,,,
,,,,,,,,,,,,,,,,,,,,,,,,,,,,,,,,
,,,,,,,,,,,,,,,,,,,,,,,,,,,,,,,,
,,,,,,,,,,,,,,,,,,,,,,,,,,,,,,,,
,,,,,,,,,,,,,,,,,,,,,,,,,,,,,,,,
,,,,,,,,,,,,,,,,,,,,,,,,,,,,,,,,
,,,,,,,,,,,,,,,,,,,,,,,,,,,,,,,,
Tier 1 Token,Weapon Token,Points d’armes 1,Points d’armes 1,Gettoni arma 1,Gettoni arma 1,Waffenmarken 1,Waffenmarken 1,Fichas de armas 1,Fichas de armas 1,武器トークン 1,武器トークン 1,무기 토큰1,무기 토큰1,武器代币1,武器代币 1,,,,,,,,,,,,,,,,,
Tier 2 Token,Weapon Token,Points d’armes 2,Points d’armes 2,Gettoni arma 2,Gettoni arma 2,Waffenmarken 2,Waffenmarken 2,Fichas de armas 2,Fichas de armas 2,武器トークン 2,武器トークン 2,무기 토큰2,무기 토큰2,武器代币2,武器代币 2,,,,,,,,,,,,,,,,,
Tier 3 Token,Weapon Token,Points d’armes 3,Points d’armes 3,Gettoni arma 3,Gettoni arma 3,Waffenmarken 3,Waffenmarken 3,Fichas de armas 3,Fichas de armas 3,武器トークン 3,武器トークン 3,무기 토큰3,무기 토큰3,武器代币3,武器代币 3,,,,,,,,,,,,,,,,,
Tier 4 Token,Weapon Token,Points d’armes 4,Points d’armes 4,Gettoni arma 4,Gettoni arma 4,Waffenmarken 4,Waffenmarken 4,Fichas de armas 4,Fichas de armas 4,武器トークン 4,武器トークン 4,무기 토큰4,무기 토큰4,武器代币4,武器代币 4,,,,,,,,,,,,,,,,,
