Barbarian,,Barbare ,,Barbaro,,Barbar,,Bárbaro,,バーバリアン,,바바리안,,狂战士,,,,,Axe fighters with a wild and dangerous style. Excellent for assaulting gates,,Les combattants à la hache avec un style sauvage et dangereux. Excellent pour prendre les forteresses d’assaut.,,Combattenti con ascia dallo stile selvaggio e pericoloso. Sono i più adatti ad assaltare i cancelli.,,"Axtkämpfer mit einem wilden, riskanten Stil. Ideal zum erstürmen von Toren",,Luchadores con hacha que tienen un estilo salvaje y peligroso. Excelentes para asaltar todo tipo de puertas.,,ワイルドで危険なスタイルを好む斧戦士。城門の攻略に最適だ,,거칠고 위험한 스타일의 도끼 전사들. 관문 공략에 탁월,,斧头战士，风格狂野而危险风格。极其适合破门战
Savage,,Sauvage ,,Indole selvaggia,,Grausam,,Salvaje,,野蛮,,야만족,,野蛮人,,,,Attacks ignore 50% of defense,,Les attaques ne prennent pas compte de 50 % de la défense.,,gli attacchi ignorano il 50% della difesa,,Angriffe ignorieren 50 % der Verteidigung,,los ataques ignoran el 50 % de la defensa.,,撃の際に50％の防御力を無視する,,공격이 방어의 50% 무시,,击可无视 50% 的防御力,
Shove,,Repoussage ,,Spintone,,Grober Stoß,,Empujón,,突き押し,,밀치기,,猛推,,,,Push range +1,,Distance de repoussage + 1.,,+1 alla portata della spinta,,Stoßreichweite +1,,+1 de alcance de empuje.,,し出す距離+1,,밀어내기 범위 +1,,推离范围 +1,
Knight,,Chevalier ,,Cavaliere,,Ritter,,Caballero,,ナイト,,기사,,骑士,,,,,"A skilled fighter, trained in chivalry and death",,"Un guerrier d’expérience, chevaleresque et mortel.",,"Un abile combattente, maestro di cavalleria e di uccisioni.",,"Ein geübter Kämpfer, ausgebildet in ritterlichen Tugenden und im Töten",,"Un luchador habilidoso, entrenado en la caballería y la muerte.",,歴戦の戦士。死を恐れず、騎士道に長ける,,기사도와 죽음에 대해 훈련된 숙련된 전사,,熟练战士，受过骑士精神和死亡方面的训练
Chivalry,,Chevalerie ,,Cavalleria,,Ritterlichkeit,,Caballería,,騎士道,,기사도,,骑士精神,,,,Gains 6% power for every adjacent player unit,,Gagne 6 % de puissance pour chaque unité de joueur adjacente.,,ottiene +6% potenza per ogni unità controllabile adiacente,,Gewinnt 6 % Macht pro benachbarter Spielereinheit,,obtiene un 6 % de poder por cada unidad del jugador en posición adyacente.,,接するプレーヤーユニットごとに6％の威力を獲得する,,인접한 모든 플레이어 유닛에 대해 6% 파워 획득,,个相邻的玩家单位获得 6% 的力量,
Sturdy,,Tenace ,,Robustezza,,Robust,,Robustez,,堅牢,,견고,,坚固度,,,,+35% health,,+35 % de PV.,,+35% salute,,+35 % Gesundheit,,+35 % de salud.,,Pが35％増加する,,체력 35% 증가,,35% 的生命值,
Defender,,Défenseur ,,Difensore,,Verteidiger,,Defensor,,ディフェンダー,,방어자,,后卫,,,,,"Valiant protectors capable both of drawing enemy attacks, and taking them",,De vaillants protecteurs capables d’attirer les ennemis et d’encaisser leurs attaques.,,"Valorosi protettori, potenti tanto in attacco quanto in difesa.",,"Tapfere Beschützer, die gegnerische Angriffe auf sich lenken und aushalten können",,Valerosos protectores capaces tanto de atraer ataques enemigos como de aguantarlos.,,敵の攻撃を引きつけ、受け止める勇敢な壁役,,적의 공격을 끌어내는 동시에 받아낼 수 있는 용맹스러운 보호자,,"英勇守护者,既能吸引敌人的攻击，又能抓住敌人"
Bastion,,Bastion ,,Bastione,,Bastion,,Bastión,,防壁,,보루,,堡垒,,,,Adjacent player units will have their defence increased by 20% when in combat,,Les unités du joueur adjacentes voient leur défense boostée de 20 % quand elles sont en combat.,,+20% difesa delle unità controllabili adiacenti in combattimento,,Die Verteidigung benachbarter Spielereinheiten steigt im Kampf um 20 %,,la defensa de las unidades del jugador en posición adyacente aumenta un 20 % cuando están en combate.,,接するプレーヤーユニットの防御力が戦闘時に20％増加する,,인접한 플레이어 유닛은 전투 시 방어가 20% 증가,,斗时相邻玩家单位的防御力会增加 20%,
Hulking Presence,,Présence immanquable ,,Presenza minacciosa,,Massige Präsenz,,Presencia descomunal,,存在感,,거대한 존재,,大块头,,,,Enemies will attack him more,,Les ennemis le prennent plus souvent pour cible.,,i nemici attaccano più spesso il difensore,,Gegner greifen ihn öfter an,,los enemigos lo atacan más.,,からの攻撃を受けやすくなる,,적들의 공격이 그에게 집중됩니다,,人会更多地攻击他,
Dragoon,,Cavalier Dragon ,,Dragone,,Dragoner,,Dragón,,ドラグーン,,용기병,,龙骑兵,,,,,Highly skilled cavalry that can cover large stretches to push the advantage or defend allies,,Des cavaliers surentrainés et très mobiles pour maintenir leur avantage ou défendre leurs alliés.,,Cavalleria altamente qualificata che può coprire lunghi tratti per avvantaggiare o difendere gli alleati.,,"Bestens ausgebildete Kavallerie, die lange Strecken zurücklegt, um Vorteile zu erringen oder Verbündete zu verteidigen",,Unidad de caballería altamente capacitada que puede recorrer grandes distancias para granjearse ventaja o defender a sus aliados.,,アドバンテージを押し上げたり、味方を守るために広範囲をカバーできる優れた騎兵,,넓은 범위를 엄호하여 우위를 점하거나 아군을 방어할 수 있는 고도로 숙련된 기병,,高技能型骑兵，可以覆盖更大范围，扩大优势或保卫盟友
Deft Strike,,Coup expert ,,Colpo lesto,,Gewandter Schlag,,Golpe hábil,,巧みな一撃,,재빠른 일격,,灵巧一击,,,,Gain 2.5% crit for each tile moved in the turn,,"Gagnez 2,5% de critique pour chaque tuile déplacée dans le tour",,"Ottieni il 2,5% di critico per ogni tessera spostata nel turno",,"Erhalte 2,5 % kritische Treffer für jedes im Zug bewegte Plättchen",,Obtienes 2.5% de crítico por cada ficha movida en el turno.,,順番に移動したタイルごとに2.5％のクリティカルを獲得します,,턴에 이동한 타일마다 2.5%의 치명타를 얻습니다.,,回合中每移动一个方块获得 2.5% 暴击,
Deadly Precision,,Précision mortelle ,,Precisione mortale,,Tödliche Präzision,,Precisión mortal,,急所狙い,,치명적 정밀성,,致命精准,,,,Crit increased by 20% of dodge,,Augmente les chance de coup critique par 20 % de l'esquive.,,colpo critico +20% del valore di schivata,,Krit. steigt um 20 % des Ausweichwerts,,aumento de crítico en un 20 % de la evasión.,,殺率が回避の20％分増加する,,치명타가 회피의 20% 증가,,击能力提升 20% 躲避效果,
Berserker,,Enragé ,,Berserkr,,Berserker,,Berserker,,バーサーカー,,버서커,,狂战士技能,,,,,Ruthless fighters with the ability to funnel rage and pain into power,,Les combattants sans pitié capables de transformer la rage et la douleur en force.,,Combattenti spietati capaci di incanalare rabbia e dolore per trasformarli in potenza.,,"Gnadenlose Kämpfer mit der Fähigkeit, Wut und Schmerz in Macht zu kanalisieren",,Luchadores despiadados con la capacidad de canalizar la cólera y el dolor para convertirlos en poder.,,怒りと痛みを力に変える無慈悲な戦闘狂,,분노와 고통을 파워에 쏟아붓는 능력을 지닌 무자비한 전사들,,无情斗士，能够将愤怒和痛苦转化为力量
Bloodlust,,Soif vampirique ,,Sete di sangue,,Blutdurst,,Sed de sangre,,流血の興奮,,피 굶주림,,嗜血,,,,Gains extra damage proportional to missing health. (up to 75% at 90% missing),,Les dégâts augmentent en proportion des PV perdus (jusqu'à +75 % avec 90 % de santé manquante).,,aumenta i danni proporzionalmente alla salute persa (fino al 75% con il 90% di salute in meno),,Verursacht zusätzlichen Schaden im Verhältnis zur fehlenden Gesundheit (bis zu 75 % bei 90 % LP-Verlust),,inflige daño adicional proporcional a la salud que le falte (hasta un 75 % si le falta el ​​90 %).,,ったHPに比例して追加のダメージを与える。（90％減少時で最大75％）,,체력 손실에 비례하여 추가 대미지를 얻습니다. (90% 손실 시 최대 75%),,成与损失的生生命值成正比的额外伤害。（以 90% 的生命值损失获得高达 75% 的伤害值）,
Mayhem,,Rien ne va plus ,,Caos,,Chaos,,Caos,,狂乱,,아수라장,,混乱,,,,"Chance to attack again, increased by enemy missing health.",,Chance d'attaquer une nouvelle fois augmentant avec la santé manquante de l'ennemi.,,"probabilità di attaccare di nuovo, aumenta in base alla salute persa dai nemici",,"Chance auf weiteren Angriff, erhöht um den LP-Verlust des Gegners",,"posibilidad de volver a atacar, aumentada por la salud que le falta al enemigo.",,が失ったHPの分だけ、2回攻撃する確率が上がる。,,다시 공격할 기회가 적의 체력 손실에 따라 증가합니다.,,次攻击机会，依靠敌人失去的生命值获得。,
Champion,,Champion ,,Campione,,Recke,,Campeador,,チャンピオン,,챔피언,,冠军,,,,,The apex of power. Champions strike so hard that they are unable to double attack,,L’apogée de la puissance. Les champions frappent tellement fort qu’ils sont incapables de double-attaquer.,,Il massimo della potenza. I campioni colpiscono talmente forte che non riescono a sferrare un doppio attacco.,,"Der Höhepunkt der Macht. Recken schlagen so fest zu, dass sie nicht doppelt angreifen können.",,La cúspide del poder. Los campeadores golpean con tanta fuerza que no pueden ejecutar ataques dobles.,,力の極致。チャンピオンは敵を強打するため、2回攻撃はできない,,파워의 정점. 챔피언은 너무 강하게 공격하여 이중 공격이 불가능합니다,,能量巅峰。冠军出手太猛，无法进行双重攻击
Heroic Might,,Force héroïque ,,Forza eroica,,Heldenmacht,,Poder heroico,,英雄の力,,영웅의 힘,,英雄之力,,,,Can no longer double attack. Power is increased by speed.,,Ne peut plus double attaquer. La puissance est augmentée par la vitesse.,,non può più sferrare un doppio attacco; la potenza aumenta del punteggio in velocità,,Kann nicht mehr doppelt angreifen. Macht wird um Tempo erhöht.,,le impide ejecutar ataques dobles. El poder aumenta con la velocidad.,,回攻撃ができなくなる。威力が素早さの分だけ増加する。,,더 이상 이중 공격을 할 수 없습니다. 속도에 따라 파워가 증가합니다.,,不能进行双重攻击。能量随着速度的提升而增涨。,
Vigor,,Vigueur ,,Vigore,,Elan,,Vigor,,気力,,활력,,活力,,,,Push range +1,,distance de repoussage + 1.,,+1 alla portata della spinta,,Stoßreichweite +1,,+1 de alcance de empuje.,,し出す距離+1,,밀어내기 범위 +1,,离范围+1,
Sentinel,,Sentinelle ,,Sentinella,,Wachmann,,Centinela,,センチネル,,보초병,,哨兵,,,,,Towering warriors whose arrival on the battlefield inspires allies to seize victory,,Des guerriers de grande taille qui galvanise les alliés quand ils arrivent sur le champ de bataille.,,"Quando le sentinelle torreggiano sul campo di battaglia, gli alleati sono spronati a combattere per vincere.",,"Überragende Kämpfer, deren Eintreffen auf dem Schlachtfeld die Verbündeten zum Sieg animiert",,Guerreros imponentes cuya llegada al campo de batalla inspira a los aliados a hacerse con la victoria.,,ひとたび戦場に姿を現せば、味方に勝利を確信させる頼もしい戦士だ,,전장에 도착하여 동맹군의 승리를 차지하도록 독려하는 뛰어난 전사들,,杰出勇士，他们的到来鼓舞了盟友夺取胜利
Bulwark,,Rempart ,,Baluardo,,Bollwerk,,Baluarte,,鉄壁,,방어벽,,壁垒,,,,Adjacent allies gain 20% of unit's defense,,Les alliés adjacents gagnent 20 % de la défense de l'unité.,,+20% difesa delle unità alleate adiacenti,,Benachbarte Verbündete erhalten +20 % der Verteidigung der Einheit,,los aliados adyacentes obtienen un 20 % de la defensa de la unidad.,,接する味方の防御力が20％上がる,,인접한 동맹군이 유닛 방어의 20% 획득,,邻盟友获得单位 20% 的防御力,
Towering Presence,,Présence imposante ,,Presenza torreggiante,,Überragende Präsenz,,Presencia imponente,,頼もしき存在感,,우뚝 솟은 존재,,大个子,,,,Adjacent allies gain 10% power,,Les alliés adjacents gagnent 10 % de puissance,,+10% potenza degli alleati adiacenti,,Benachbarte Verbündete erhalten +10 % Macht,,los aliados adyacentes obtienen un 10 % de poder.,,接する味方の威力が10％上がる,,인접한 동맹군이 10% 파워 획득,,邻盟友获得 10% 的力量,
Dragon Knight,,Chevalier dragon ,,Cavaliere dragone,,Drachenritter,,Caballero dragontino,,ドラゴンナイト,,용기사,,龙骑士,,,,,"While unpredictable in their mannerisms, dragons and the brave souls who ride them can easily turn the tide of a battle",,"Bien qu’imprévisibles dans les repas de famille, les dragons et leur chevaucheur peuvent vite faire pencher la balance sur le champ de bataille.",,"Anche se dalle azioni imprevedibili, i draghi e le anime coraggiose che li cavalcano possono cambiare facilmente il corso della battaglia.",,"Drachen und die Tapferen, die sie reiten, haben vielleicht ihre Launen, können den Verlauf einer Schlacht aber schnell wenden",,"Si bien su comportamiento es impredecible, los dragones y las almas valientes que los cabalgan pueden cambiar fácilmente las tornas en una batalla.",,その行動は予測できないが、ドラゴンとそれに乗る勇敢な戦士は、容易に戦いの流れを変える力を持つ,,"그들의 버릇은 예측할 수 없지만, 드래곤과 그들을 타는 용감한 영혼은 쉽게 전세를 뒤집을 수 있습니다",,虽然他们的举止不可预测，但龙和骑龙的勇敢灵魂们可以轻松扭转战局
Doomclaw,,Griffe du chaos ,,Artiglio della rovina,,Todesklaue,,Garra funesta,,死の爪,,둠클로,,末日之爪,,,,Able to equip fire magic,,Peut équiper la magie du feu.,,può equipaggiare la magia del fuoco,,Kann Feuermagie anlegen,,le permite equiparse con magia de fuego.,,炎魔法を装備することができる,,화염 마법 장착 가능,,够装备火系魔法,
Fireheart,,Cœur enflammé ,,Cuore di fuoco,,Feuerherz,,Corazón de fuego,,炎の心臓,,파이어하트,,火心,,,,"Magic is equal to Strength, Able to equip fire magic",,"La Magie est égale à la Force, peut équiper la magie du feu.",,"magia è uguale a forza, può equipaggiare la magia del fuoco",,"Magie entspricht Macht, kann Feuermagie anlegen",,"la magia se iguala a la fuerza, le permite equiparse con magia de fuego.",,力が筋力の値に等しくなり、火炎魔法を装備することができる,,"마법은 힘과 같으며, 화염 마법 장착 가능",,法于力量相等，可以装备火系魔法,
Archer,,Archer ,,Arciere,,Bogenschütze,,Arquero,,アーチャー,,궁수,,射手,,,,,"A skilled marksman, placing shots in precise fashion to never miss their target",,Un tireur d’élite qui ne rate jamais sa cible.,,Un abile tiratore che piazza i colpi con estrema precisione e non manca mai il bersaglio.,,"Geübter Schütze, dessen präzise Pfeile nie fehlgehen",,Un tirador muy hábil que dispara con precisión para nunca fallar el objetivo.,,優れた技能を持つ弓の使い手。その者が放つ正確な矢が標的を外すことはない,,목표물을 절대 놓치지 않도록 정확한 방식으로 활을 쏘는 숙련된 명사수,,熟练射手，精确放射，永远不会错过目标
Specialist,,Spécialiste ,,Specialista,,Spezialist,,Especialista,,達人,,명사수,,专家,,,,Crit +8% per adjacent ally,,Dégâts critiques +8 % par allié adjacent,,+8% colpo critico per ogni alleato adiacente,,Krit +8 % pro benachbartem Verbündetem,,+8 % de crítico por cada aliado adyacente.,,接する味方ごとに必殺率+8％,,인접한 동맹당 치명타 8% 증가,,相邻盟友暴击 +8%,
Deadeye,,Œil de l'aigle ,,Occhio di falco,,Adlerauge,,Tirador certero,,鷹の目,,명궁,,死亡之眼,,,,1.25x hit bonus from dexterity,,"Les chances de toucher sont multipliées par 1,25 fois la dextérité.",,"bonus colpo x1,25 con destrezza",,"1,25x Trefferbonus aus Geschicklichkeit",,"bonificación de impacto x1,25 por destreza.",,用さから1.25倍の命中ボーナス,,민첩에서 1.25x 적중 보너스,,.25 倍敏捷命中加成,
Strider,,Marcheur ,,Cacciatore,,Streicher,,Montaraz,,ストライダー,,스트라이더,,挺进者,,,,,Dangerous folk who wander the wilds. Some may be more important than they seem,,Des personnages dangereux qui parcourent à pied les terres désolées. Ne vous fiez pas aux apparences.,,Gente pericolosa che vaga per le terre selvagge. Alcuni di loro potrebbero essere più importanti di quanto non sembrino.,,"Gefährliche Gestalten, die durch die Wildnis streifen. Manche sind möglicherweise bedeutender, als sie aussehen",,Gente peligrosa que vaga por zonas salvajes. Algunos pueden ser más importantes de lo que parecen.,,荒野をさまよう危険人物。ある者はその見た目よりも重要な存在である,,야생을 배회하는 위험한 사람들. 일부는 보기보다 더 중요할 수 있습니다,,在荒野中游荡的危险人物。有些可能比看起来更重要
Relentless,,Sans relâche ,,Infaticabile,,Unermüdlich,,Implacable,,無慈悲,,냉혹,,残酷无情,,,,The second attack in a double attack does increased damage,,La deuxième attaque d'une attaque double voit ses dégâts augmenter.,,il secondo attacco di un doppio attacco infligge più danni,,Der zweite Angriff bei einem Doppelangriff fügt erhöhten Schaden zu,,el segundo ataque en un ataque doble inflige más daño.,,回攻撃の2撃目にダメージが増加する,,이중 공격에서 두 번째 공격의 대미지 증가,,重攻击，其中第二重攻击伤害值会提升,
Weightless,,Poids plume ,,Leggerezza,,Schwerelos,,Ingrávido,,無重力,,무중력,,无重量,,,,Reduces the effect of weapon weight,,Réduit les effets du poids des armes.,,riduce l'effetto del peso delle armi,,Reduziert die Auswirkungen des Waffengewichts,,reduce el efecto del peso del arma.,,器の重さの影響を減らす,,무기 무게의 영향이 감소합니다,,少武器重量的影响,
Witch Hunter,,Chasseur de sorcière ,,Cacciatore di streghe,,Hexenjäger,,Cazador de brujas,,ウィッチハンター,,마녀 사냥꾼,,女巫猎人,,,,,Heavily armored archers who strengthen their allies and pick off magic users,,Des archers en armure lourde qui renforcent leurs alliés et sont la terreur des mages.,,Arcieri pesantemente corazzati che rafforzano i loro alleati ed eliminano chi usa la magia.,,"Schwer gerüstete Bogenschützen, die ihre Verbündeten stärken und Zauberkundige außer Gefecht setzen",,Arqueros con armadura pesada que fortalecen a sus aliados y eliminan a los usuarios de magia.,,味方を強化し、魔法の使い手を葬る重装備の射手,,동맹군을 강화하고 마법 사용자만 골라 처치하는 중무장한 궁수,,重装弓箭手，增强盟友力量，击退施法者
Stand Together,,Rassemblement ,,Adunata,,Zusammenstehen,,Unión,,一致団結,,단결,,站在一起,,,,Haste grants +40% defense while active.,,Confère +40 % de défense pendant qu'il est actif.,,+40% difesa quando è in uso,,"Gunst gewährt +40 % Verteidigung, wenn aktiv",,bendición que otorga un 40 % adicional de defensa mientras está activa.,,恵により、アクティブである間は防御力+40％。,,분이 활성화된 동안 +40% 파워를 부여합니다.,,激活时，福利可提供 +40% 的防御力。,
Silencing Shot,,Coup drainant ,,Colpo attenuante,,Dämpferschuss,,Disparo amortiguador,,魔法殺し,,댐프닝 샷,,阻尼射击,,,,Power is increased by 50% against magic users and hybrids,,La puissance est augmentée de 50 % contre les utilisateurs de magie et les hybrides.,,+50% potenza contro gli ibridi e chi usa la magia,,Macht steigt um 50% gegen Zauberkundige und Hybride,,el poder aumenta un 50 % contra usuarios de magia e híbridos.,,法の使用者およびハイブリッドに対し、威力が50％増加する,,마법 사용자 및 하이브리드에 대해 파워 50% 증가,,抗魔法使用者和混合体的威力增加 50%,
Drifter,,Maraudeur ,,Ramingo,,Herumtreiber,,Vagabundo,,ドリフター,,떠돌이,,流浪汉,,,,,Outcasts who learn to defend themselves swiftly and brutally. Able to end fights in a single blow,,Des reclus qui ont appris à se défendre rapidement et brutalement et capables de mettre fin à un combat en un coup.,,Reietti che hanno imparato a difendersi con rapidità e brutalità. Possono porre fine a uno scontro con un solo colpo.,,"Ausgestoßene, die lernen, sich schnell und endgültig zu verteidigen. Sie können einen Kampf mit einem Schlag beenden",,Parias que aprenden a defenderse de forma rápida y brutal. Son capaces de terminar un combate de un solo golpe.,,俊敏かつ残忍に身を守ることを学ぶ無頼の者。一撃で戦いを終わらせる力を持つ,,신속하고 잔인하게 자신을 방어하는 법을 배우는 추방자. 한방으로 싸움을 끝낼 수 있습니다,,流浪者，学会以快速而残酷地方式进行自我保护。能够一击结束战斗
Ruthless,,Sans pitié ,,Senza pietà,,Rücksichtslos,,Despiadado,,冷酷,,무자비,,冷酷无情,,,,Crit modifier increased by a flat 50%,,Le modificateur de dégâts critiques est augmenté de 50 %.,,+50% modificatore colpo critico,,Krit-Modifikator pauschal um 50 % erhöht,,el modificador crítico aumenta un 50 % fijo.,,殺修正値が一律に50％増加,,치명타 조정자가 균일하게 50% 증가,,击调整提升 50%,
Outcast,,Solitaire ,,Emarginato,,Ausgestoßen,,Paria,,はぐれ者,,추방,,流放者,,,,Crit +30% if only one adjacent unit,,Dégâts critiques +30 % s'il n'y a qu'une unité adjacente.,,+30% colpo critico se c'è solo un'unità adiacente,,Krit +30 % im Fall von nur 1 benachbarten Einheit,,30 % adicional de crítico si solo hay una unidad adyacente.,,接するユニットが1つしかない場合、必殺率+30％,,인접한 유닛이 하나뿐인 경우 치명타 30% 증가,,果只有一个相邻单位，则暴击 +30%,
Sniper,,Sniper ,,Tiratore scelto,,Scharfschütze,,Francotirador,,スナイパー,,저격병,,狙击手,,,,,Deadeyes who strike from across the battlefield with pinpoint accuracy,,Des combattants d’une précision telle qu’ils peuvent atteindre n’importe quelle cible à l’opposé du champ de bataille.,,Un tiratore scelto capace di colpire con precisione millimetrica da una parte all'altra del campo di battaglia.,,Trifft über das ganze Schlachtfeld hinweg mit höchster Präzision,,Tiradores de firme mirada que atacan desde un extremo del campo de batalla con una precisión milimétrica.,,戦場の向こう側からピンポイントで攻撃してくる鷹の目の持ち主,,정확한 정확도로 전장을 가로질러 공격하는 명궁,,死亡之眼，从战场对面精准打击对手
From Three,,Et de trois ,,Da tre,,Von dreien,,A tiro de tres,,三ノ矢,,3부터,,从三格外,,,,Gets extra attack range,,Obtient une portée d'attaque supplémentaire.,,aumenta la portata d'attacco,,Zusätzliche Reichweite,,obtiene alcance de ataque adicional.,,加の射程を得る,,추가 공격 범위를 얻습니다,,得额外攻击范围,
Preparation,,Préparation ,,Preparazione,,Vorbereitung,,Preparación,,準備万端,,준비,,准备,,,,Accuracy +35% if unit hasn't moved,,Précision +35 % si l'unité est restée immobile.,,+35% precisione se l'unità non si è mossa,,"Präzision +35 %, wenn sich die Einheit nicht bewegt hat",,35 % adicional de precisión si la unidad no se ha movido.,,ニットが移動していない場合、命中+35％,,유닛이 이동하지 않은 경우 정확도 35% 증가,,果单位没有移动，则准确度提升 +35%,
Blade Dancer,,Danseur de sabres ,,Danzatore delle lame,,Klingentänzer,,Bailarín de espadas,,ブレードダンサー,,블레이드 댄서,,刀锋舞者,,,,,"Graceful fighters wielding dual swords, their whirlwind of blades is a performance of its own",,De gracieux guerriers armés de deux épées. Les voir tourbillonner est un vrai spectacle.,,"Aggraziati combattenti che brandiscono spade doppie, il cui turbinio di lame è un vero spettacolo.",,Elegante Kämpfer mit zwei Schwertern. Ihre wirbelnden Klingen sind ein atemberaubender Anblick,,Gráciles luchadores que empuñan dos espadas; su torbellino de espadas es una actuación digna de ver.,,二刀流の優雅な戦士。その刃の乱舞はそれ自体が一種のパフォーマンスである,,"쌍검을 휘두르는 우아한 전사들, 칼날의 회오리바람은 그 자체가 구경거리입니다",,挥舞双剑的优雅战士，他们的剑锋旋风是自己表现形式
Dancer's Grace,,Oscillateur ,,Flessibilità,,Tänzeln,,Arriba y abajo,,蝶の舞,,좌우로 피하기,,鲍勃和韦夫,,,,Dodging increases retaliation power by 30%,,L'esquive augmente la puissance de riposte de 30 %.,,la schivata aumenta la potenza di ritorsione del 30%,,Ausweichen erhöht die Macht des Gegenschlags um 30 %,,la evasión aumenta un 30 % el poder de represalia.,,避すると反撃の威力が30％増加する,,회피로 보복 파워 30% 증가,,闪技能可增加 30% 的复仇几率,
Bladestorm,,Tempête de lames ,,Tempesta di lame,,Klingensturm,,Filotormenta,,蜂の一刺し,,블레이드 스톰,,剑刃风暴,,,,Guaranteed to hit if below 40% HP,,Garantit de toucher la cible si la santé est inférieure à 40 % des PV.,,colpisce sempre se i PS sono inferiori al 40%,,"Garantierter Treffer, falls unter 40 % LP",,impacto garantizado con menos del 40 % de PS.,,Pが40％未満の場合、命中が保証される,,HP 40% 미만일 경우 적중 보장,,证生命值低于 40% 也命中,
Green Knight,,Chevalier verdoyant ,,Cavaliere verde,,Grüner Ritter,,Caballero verde,,グリーンナイト,,녹색의 기사,,绿骑士,,,,,Protectors of the forest and an members of an ancient order of curators,,Protecteurs de la forêt et des membres de l’ordre ancien des conservateurs.,,Protettori della foresta e membri di un antico ordine di custodi.,,Beschützer des Waldes und Angehörige eines uralten Hüterordens,,Protectores del bosque y miembros de una antigua orden de cuidadores.,,森の守護者であり、古代の英知を継承する集団の一員でもある,,숲의 보호자이자 고대 큐레이터단의 일원,,森林的守护者和古代监管人教团的成员
Forester's Blessing,,Bénédiction sylvestre ,,Benedizione della foresta,,Segen des Försters,,Bendición del bosque,,森の祝福,,숲지기의 축복,,森林的庇佑,,,,Haste grants 40% fortitude while active.,,Confère 40 % de courage lorsqu'il est actif.,,+40% tempra quando è in uso,,"Gunst gewährt +40 % Standhaftigkeit, wenn aktiv.",,bendición que otorga un 40 % de fortaleza mientras está activa.,,恵により、アクティブである間は、精神力+40％。,,분이 활성화된 동안 40% 의지를 부여합니다.,,活时，福利是提供 40% 的勇气。,
Magebane,,Magebane ,,Castigo del mago,,Magierbann,,Desgracia del mago,,魔女狩り,,메가베인,,咒法克星,,,,Half of magic-using enemies' magic added to damage,,La moitié de la magie des ennemis utilisateurs de magie est ajoutée aux dégâts.,,metà della statistica magia dei nemici viene aggiunta ai danni,,Die Hälfte der Magie eines zauberkundigen Gegners wird auf den Schaden aufgeschlagen,,la mitad de la magia de los enemigos que usan magia se agrega al daño.,,法を使用する敵の魔力の半分が、与ダメージに追加される,,마법을 사용하는 적의 마법 절반이 데미지에 추가,,半使用魔法的敌人的魔法力量添加到伤害值内,
Outlaw,,Hors-la-loi ,,Fuorilegge,,Gesetzloser,,Proscrito,,アウトロー,,무법자,,亡命之徒,,,,,Scoundrels that live on the wrong side of the law. Never tell them the odds,,Des bandits qui vivent du mauvais côté de la loi. Essayez de les éviter ou de les brosser dans le sens du poil.,,Furfanti che stanno dalla parte sbagliata della legge. Non rivelare mai loro quali rischi potrebbero correre.,,Diese Halunken stehen außerhalb des Gesetzes und gehen jedes Risiko ein,,Sinvergüenzas que viven al margen de la ley. Nunca les expliques las probabilidades.,,法の裏側に住まう悪党。彼らに情報を明かしてはならない,,법을 어기며 사는 악당들. 그들에게 승산을 따지지 마십시오,,靠违法犯罪生活的恶棍。永远不要告诉他们胜算
Brutality,,Brutalité ,,Brutalità,,Brutalität,,Brutalidad,,横暴,,잔혹성,,残酷,,,,Crit modifier increased by a flat 50%,,Le modificateur de dégâts critiques est augmenté de 50 %.,,+50% modificatore colpo critico,,Krit-Modifikator pauschal um 50 % erhöht,,el modificador crítico aumenta un 50 % fijo.,,殺修正値が一律に50％増加,,치명타 조정자가 균일하게 50% 증가,,击调整提升 50%,
Hit and Run,,Tactique de guérilla ,,Toccata e fuga,,Flüchtiger Täter,,Golpe a traición,,果し合い,,뺑소니,,命中并逃离,,,,Ignore 50% armor if only one adjacent unit,,Ignore 50 % de l'armure s'il n'y a qu'une seule unité adjacente.,,ignora 50% armatura se c'è solo un'unità adiacente,,Ignoriert 50 % der Rüstung im Fall von nur 1 benachbarter Einheit,,ignora el 50 % de la armadura si solo hay una unidad adyacente.,,接するユニットが1体しかない場合、装甲の50％を無視する,,인접한 유닛이 하나뿐인 경우 갑옷 50% 무시,,果只有一个邻近单位，可忽视 50% 的盔甲防御,
,,,,,,,,,,,,,,,,,,,,,,,,,,,,,,,,,
Thief,,Voleur ,,Ladro,,Dieb,,Ladrón,,シーフ,,도둑,,贼,,,,,Sneaky rascals that can't keep their hands to themselves. Known to stay one jump ahead,,Des vauriens qui mettent les mains là où ils ne devraient pas. Connus pour toujours avoir une longueur d’avance.,,"Furtive canaglie che non sanno tenere le mani a posto, note per essere sempre un passo avanti.",,"Hinterlistige Langfinger, die anderen immer einen Schritt voraus sind",,Bribones astutos que no pueden mantener sus manos quietas. Conocidos por estar siempre un paso por delante.,,抜け目のない悪党。常に一歩先を行きたがる,,자신의 손을 주체못하는 교활한 악한들. 한발 앞서는 것으로 알려져 있습니다,,控制不住自己双手的狡猾流氓。以先下手为强著称
Measured Strikes,,Coups perçants ,,Colpi misurati,,Geführte Schläge,,Golpes con medida,,狙いの一撃,,신중한 일격,,实测打击,,,,Speed increases armor penetration,,La vitesse augmente la pénétration d'armure.,,la velocità aumenta la penetrazione armatura,,Tempo erhöht Durchschlagskraft,,la velocidad aumenta la penetración de la armadura.,,速さにより、装甲の貫通力が上がる,,속도가 갑옷 관통력 증가,,度提升了盔甲的穿透性,
Nimble Fingers,,Doigts de fée ,,Dita agili,,Flinke Finger,,Dedos ágiles,,器用な手先,,날렵한 손가락,,灵活手指,,,,Disarm range +2,,Portée de désarmement +2.,,+2 alla portata per disarmare,,Entwaffnungsreichweite +2,,+2 de alcance de desarme.,,器解除の範囲+2,,무장 해제 범위 +2,,除武装范围 +2 个值,
Stalker,,Harceleur ,,Persecutore,,Schleicher,,Acechador,,ストーカー,,스토커,,潜行者,,,,,"Fierce rogues who pick the perfect time to strike, ensuring they do so with lethal force",,De puissants renégats qui choisissent précisément leur moment pour frapper et le font avec une efficacité mortelle.,,Feroci furfanti che attendono sempre il momento perfetto per sferrare il loro attacco con forza letale.,,"Gefährliche Schurken, die den richtigen Augenblick abwarten und mit todbringender Kraft zuschlagen",,"Feroces pícaros que eligen el momento perfecto para atacar, asegurándose de hacerlo con fuerza letal.",,攻撃を仕掛けるのに最高に時を選び、殺人的な威力で襲いかかる悪党,,공격에 완벽한 시간을 골라 치명적인 힘으로 공격하는 험상궂은 불한당,,凶猛的流氓恶棍会选择最佳时机发动攻击，从而确保以致命的力量进行攻击
Cruel Efficiency,,Efficacité cruelle ,,Efficienza crudele,,Grausame Effizienz,,Eficiencia cruel,,残酷なる機能美,,잔혹한 효율성,,非常功效,,,,Guaranteed to hit enemies below 40% health,,Garantit de toucher les cibles dont les PV sont inférieurs à 40 %.,,colpisce sempre i nemici con meno del 40% di salute,,Trifft Gegner mit unter 40 % LP garantiert,,impacto garantizado en los enemigos con menos del 40 % de salud.,,Pが40％未満の敵に攻撃を確実に命中させる,,체력 40% 미만의 적에 대한 적중 보장,,证击中生命值低于 40% 的敌人,
Fatal,,Fatal ,,Fatale,,Tödlich,,Fatal,,急所狙い,,치명적,,致命性,,,,5% chance to instakill,,5 % de chance de mettre KO en un coup.,,5% di probabilità di uccidere sul colpo,,5 % Chance auf Instakill,,5 % de probabilidad de matar instantáneamente.,,％の確率で敵を即死させる,,즉사 확률 5%,,5% 的几率击杀,
Duelist,,Duelliste ,,Duellante,,Duellant,,Duelista,,デュエリスト,,결투사,,决斗者,,,,,Dextrous fighters that relish in the exhiliration of facing opponents one-on-one,,Des combattants à l’incroyable dextérité adorant les combats en face-à-face.,,Abili combattenti amanti dell'ebbrezza di affrontare gli avversari uno contro uno.,,"Gewandte Kämpfer, die es genießen, dem Gegner Auge in Auge gegenüberzutreten",,Luchadores de gran destreza que disfrutan de la euforia de enfrentarse a los oponentes uno a uno.,,対戦相手との一騎打ちを爽快に楽しむ技巧派ファイター,,일대일로 상대를 상대한는 짜릿함을 즐기는 민첩한 전사들,,享受一对一面对对手的快感的灵巧战士
The Thrill,,Tout ou rien ,,Entusiasmo,,Nervenkitzel,,Suspense,,決闘のスリル,,스릴,,战栗者,,,,"Pwr, Dodge, crit, accuracy +15% when no adjacent player units",,"Puissance, Esquive, Dégâts critiques et Précision +15 % quand aucune unité de joueur adjacente.",,"+15% potenza, schivata, colpo critico e precisione quando non c'è nessuna unità controllabile adiacente",,"Macht, Ausweichen, Krit, Präzision +15 %, falls keine benachbarten Spielereinheiten vorhanden",,"+15 % de poder, evasión, crítico y precisión cuando no hay unidades del jugador en posición adyacente.",,接するプレーヤーユニットがない場合、威力、回避、必殺、命中+15％,,"인접한 플레이어 유닛이 없을 때 파워, 회피, 치명타, 정확도 15% 증가",,wr、闪避、暴击，没有相邻玩家单位时准确度提升 +15%,
Dexterous Style,,Tout en finesse ,,Destreggiante,,Geschickter Stil,,Destreza,,華麗なる守備,,민첩한 스타일,,敏捷式,,,,Defense +20% of Dexterity,,Défense augmentée de 20 % de la dextérité.,,difesa +20% del valore di destrezza,,Verteidigung +20 % der Geschicklichkeit,,otorga un 20 % adicional de defensa en relación con la destreza.,,御力が器用さの20％分上がる,,방어가 민첩의 20% 증가,,御力提升 +20% 的敏捷式,
Raider,,Pilleur ,,Razziatore,,Plünderer,,Asaltante,,レイダー,,침입자,,奇袭者,,,,,Less talking. More raiding!,,"Moins de bavardages, plus de pillages !",,"Parlare meno, razziare di più!",,"Weniger reden, mehr plündern!",,"Menos hablar, ¡y más asaltar!",,問答無用。お命頂戴！,,말수는 줄이고 더 습격합니다!,,少说话。多突袭！
Ambush,,Embuscade ,,Imboscata,,Hinterhalt,,Emboscada,,襲撃,,매복,,伏击,,,,+35% power against enemies with full health,,+35 % de puissance contre les ennemis avec tous leurs PV.,,+35% potenza contro i nemici con tutta la salute,,+35 % Macht gegen Feinde mit voller Gesundheit,,+35 % de poder contra enemigos con plena salud.,,PがMAXの敵に対して威力+35％,,완전 체력의 적에 대해 파워 35% 증가,,35% 威力对付生命值满格的敌人,
Pillage,,Pillage ,,Saccheggio,,Plündern,,Saqueo,,略奪,,약탈,,劫掠,,,,3% chance to gain a stat-up item after a kill,,3 % de chance d'obtenir un objet d'augmentation de statistique après une élimination.,,3% di probabilità di ottenere un oggetto che aumenta le statistiche dopo un'uccisione,,Bei getötetem Gegner 3 % Chance auf Gegenstand mit erhöhten Werten,,3 % de probabilidad de obtener un objeto de mejora después de una muerte.,,破後に3％の確率でステータス上昇アイテムを獲得する,,사살 후 3% 확률로 스탯 증가 아이템 획득,,杀后有 3% 几率获得升级物品,
Trickster,,Filou ,,Imbroglione,,Schwindler,,Embaucador,,トリックスター,,사기꾼,,魔术师,,,,,"Masters of deception. Flip a coin - heads they win, tails you lose",,"Passés maitres dans l’art de la tromperie. Lancez une pièce. Face ils gagnent, pile vous perdez.",,"Maestri dell'inganno. Lancia una moneta: se esce testa vincono loro, se esce croce perdi tu.",,"Meister der Täuschung. Kopf: er gewinnt, Zahl: du verlierst",,"Maestros del engaño. Lanza una moneda: si es cara, ganan ellos; si es cruz, pierdes tú.",,ペテンの達人。たとえコイントス遊びでも打ち負かすことは難しい,,속임수의 달인. 동전 던지기 - 앞면이면 이기고 뒷면이면 집니다,,骗术大师。抛硬币——正面赢，反面输
Sleight of Hand,,Tour de passe-passe ,,Trucco,,Taschenspielerei,,Juego de manos,,見事な早業,,손재주,,戏法,,,,Disarm range +2,,Portée de désarmement +2.,,+2 alla portata per disarmare,,Entwaffnungsreichweite +2,,+2 de alcance de desarme,,器解除の射程+2,,무장 해제 범위 +2,,械范围增加 +2,
Dazzling Display,,Vitesse éblouissante ,,Spettacolo,,Verwirrspiel.,,Espectáculo deslumbrante,,最高のショー,,현란한 솜씨,,炫耀展示,,,,Crits have a spd% chance to deal an extra 50% damage,,Les dégâts critiques ont un % de chance égal à la vitesse d'infliger +50 % de dégâts.,,i colpi critici hanno una probabilità pari al valore di velocità di infliggere +50% danni,,Bei Krit Tempo-% Chance auf 50 % Zusatzschaden,,los críticos tienen un Velocidad % de probabilidad de infligir un 50 % de daño adicional.,,殺時に、素速さの数値％の確率で50％の追加ダメージを与える,,치명타가 50% 추가 대미지를 입힐 확률 spd%,,击有 spd% 的几率额外造成 50% 的伤害,
Assassin,,Assassin ,,Assassino,,Assassine,,Asesino,,アサシン,,암살자,,刺客,,,,,"Cunning and deadly, these killers abide by a creed of discretion and anonymity",,"Habiles et mortels, ces tueurs professionnels ne jurent que par la discrétion et l’anonymat.",,"Il credo degli assassini, astuti e letali, ruota attorno alla discrezione e all'anonimato.",,Die listigen Mörder folgen einem Kodex der Diskretion und Namenlosigkeit,,"Astutos y mortales, estos personajes sanguinarios se rigen por un credo de discreción y anonimato.",,この狡猾な暗殺者は、慎重と秘匿の信条を守る,,교활하고 치명적인 이 살인자들은 신중함과 정체불명이라는 신조에 따라 행동합니다,,这些杀手狡猾而致命，恪守谨慎和匿名的信条
Relish in Death,,Nécromancien ,,Riposo nella morte,,Gefallen am Tod,,Disfrute de la muerte,,死臭,,죽음의 매력,,杀戮享受,,,,Gain 50% crit chance for 1 turn after every 2nd kill.,,+50 % d'infliger des dégâts critiques pendant 1 tour après 2 éliminations.,,+50% di probabilità di colpo critico per 1 turno dopo ogni seconda uccisione.,,Nach jedem 2. getöteten Gegner +50 % Krit-Chance für 1 Runde,,gana un 50 % de probabilidad de crítico durante 1 turno cada 2 muertes.,,を2体撃破するごとに、1ターンの間50％の必殺率を得る,,두 번째 사살 후마다 1턴 동안 50% 치명타 확률을 획득합니다.,,击杀 2 次获得 50% 的暴击机会，持续 1 回合。,
Creed,,Crédo ,,Credo,,Credo,,Credo,,信条,,신조,,信条,,,,+20% crit damage per friendly deployed rogue,,+20 % de dégâts critiques pour chaque renégat allié déployé.,,+20% danni del colpo critico per ogni furfante alleato utilizzato,,+20 % Krit-Chance pro eingesetztem verbündetem Schurken,,+20 % de daño crítico por cada pícaro aliado desplegado.,,情関係にあるフィールド上のローグ系ユニット1人につき、必殺ダメージ+20％,,배치된 아군 도적당 치명타 대미지 20% 증가,,个友好部署的流氓，增加 +20% 暴击伤害力度,
Gladiator,,Gladiateur ,,Gladiatore,,Gladiator,,Gladiador,,グラディエーター,,검투사,,角斗士,,,,,"Stylish fighters who live to entertain, drawing energy from glamorous blows",,Des combattants stylés qui divertissent et dirent leur force des coups joliment portés.,,"Fini combattenti nati per intrattenere, traggono energia da colpi spettacolari.",,"Aufsehen erregende Kämpfer, die für die Schau leben und Energie aus sensationellen Hieben ziehen",,"Luchadores con estilo que viven para entretener, sacando energía del efecto estético de sus golpes.",,華やかな打撃からエネルギーを引き出し、観衆を楽しませるために生きるスタイリッシュな剣闘士だ,,화려한 타격에서 에너지를 끌어들이고 즐거움을 위해 살아가는 스타일리시한 전사들,,为娱乐而生的时尚战士，从迷人的攻击中汲取能量
Thumbs Down,,Pouce vers le bas ,,Pollice in giù,,Daumen runter,,Pulgar hacia abajo,,無双,,불만,,大拇指朝下,,,,Gain +30% power for a turn after killing an enemy,,+30 % de puissance pendant 1 tour après avoir éliminé un ennemi.,,+30% potenza per un turno dopo aver ucciso un nemico,,+30 % Macht für 1 Runde nach einem getöteten Gegner,,gana un 30 % de poder adicional durante un turno después de matar a un enemigo.,,を倒した後、1ターンの間威力+30％,,적을 해치운 후 1턴 동안 파워 30% 증가,,死敌人后，一回合内获得 +30% 的力量,
Flourish,,Floraison ,,Prosperare,,Aufblühen,,Prosperidad,,繁栄,,자랑,,健康恢复,,,,Heal 40% HP after a crit,,Soigne de 40 % des PV après un coup critique.,,ripristina 40% dei PS dopo un colpo critico,,40 % LP heilen nach kritischem Treffer,,cura un 40 % de PS después de un crítico.,,殺発動後にHPを40％回復する,,치명타 후 HP 40% 치유,,击后恢复 40% 的生命值,
Slayer,,Pourfendeur ,,Annientatore,,Schlächter,,Aniquilador,,スレイヤー,,살인마,,杀手,,,,,"Fierce killers, trained in an ancient technique developed to eradicate packs of powerful beasts",,Des combattants faisant usage de techniques anciennes pour décimer des troupeaux de puissantes bêtes.,,Feroci assassini addestrati secondo un'antica tecnica sviluppata per debellare branchi di potenti bestie.,,"Gnadenlose Jäger, geübt in einer uralten Technik zur Vernichtung von Rudeln gefährlicher Bestien",,"Asesinos feroces, entrenados en una técnica antigua desarrollada para erradicar manadas de bestias poderosas.",,強靭な野獣を根絶するために開発された古代の技を修得している苛烈な殺人鬼,,강력한 야수 무리를 처치하기 위해 개발된 고대 기술로 훈련된 험악한 살인자들,,凶猛的杀手，受过古老技术训练，旨在消灭成群强大的野兽
Rampage,,Carnage ,,Carica,,Toben,,Desenfreno,,大立ち回り,,광란,,狂暴行为,,,,Get an extra action after a kill,,Action supplémentaire après une élimination.,,ottiene un'azione in più dopo un'uccisione,,Zusätzliche Aktion nach einem getöteten Gegner,,obtiene una acción adicional después de una muerte.,,破後に追加の行動を獲得,,사살 후 추가 액션 획득,,杀后的额外动作,
Annihilation,,Annihilation ,,Annientamento,,Vernichtung,,Aniquilación,,滅殺,,소멸,,歼灭,,,,+35% power against enemies with full health,,+35 % de puissance contre les ennemis avec tous leurs PV.,,+35% potenza contro i nemici con tutta la salute,,+35 % Macht gegen Feinde mit voller Gesundheit,,+35 % de poder contra enemigos con plena salud.,,PがMAXの敵に対して威力+35％,,완전 체력의 적에 대해 파워 35% 증가,,35% 威力对付生命值满格的敌人,
,,,,,,,,,,,,,,,,,,,,,,,,,,,,,,,,,
Battlemage,,Mage de combat ,,Mago guerriero,,Kampfmagier,,Mago de batalla,,バトルメイジ,,전투마법사,,战斗法师,,,,,No better way to protect a magic user than to put them in a tin can,,Rien de mieux pour protéger un magicien que de le mettre en boite.,,Il modo migliore per proteggere chi usa la magia è rinchiuderlo in un barattolo di latta.,,"Die beste Möglichkeit, Zauberkundige zu schützen, besteht darin, sie in Blech zu packen",,No hay mejor manera de proteger a un usuario de magia que ponerlo en una lata de conserva.,,魔法使いを守るのに、ブリキの缶に入れるよりも良い方法はない,,깡통에 넣는 것보다 마법 사용자를 보호하는 더 좋은 방법은 없습니다,,没有比将施法者放入锡罐更好的方法来保护他们了
Superconductor,,Supraconducteur ,,Superconduttore,,Supraleiter,,Superconductor,,超伝導,,초전도체,,超导体,,,,Attacking grants adjacent allies +15% power for 1 turn.,,Les attaques confèrent aux alliés adjacents +15 % de puissance pendant 1 tour.,,attaccare fornisce agli alleati adiacenti +15% potenza per 1 turno.,,Durch Angreifen erhalten benachbarte Verbündete für 1 Runde +15 % Macht.,,atacar otorga a los aliados adyacentes un 15 % de poder adicional durante 1 turno.,,撃すると、隣接する味方に1ターンの間+15％の威力が与えられる,,공격 시 1턴 동안 인접한 동맹군에게 +15% 파워를 부여합니다.,,击赋予相邻盟友 +15% 的力量，持续1 回合。,
Strength of Storms,,Force des tempêtes ,,Forza della tempesta,,Kraft der Stürme,,Fuerza de las tormentas,,嵐の守り,,폭풍의 힘,,风暴之力,,,,Defense increased by 10% of magic,,Défense augmentée de 10 % de la magie.,,difesa +10% del valore di magia,,Verteidigung steigt um 10 % der Magie,,la defensa aumenta en un 10 % de la magia.,,御力が魔力の10％分上がる,,방어가 마법의 10% 증가,,御增加了 10% 的魔法能量,
Arcanist,,Arcaniste ,,Arcanista,,Arkanist,,Arcanista,,アーケニスト,,비전술사,,奥术师,,,,,Mages who follow the traditional paths to arcane knowledge,,Des mages suivant le chemin traditionnel des connaissances des arcanes.,,Maghi che seguono percorsi tradizionali di conoscenza arcana.,,"Magier, die den traditionellen Wegen zu arkanem Wissen folgen",,Magos que siguen la senda tradicional del conocimiento arcano.,,呪文の知識を伝統的な手法で学ぶ魔法使い,,비전 지식에 대한 전통 방식을 좇는 마법사들,,遵循传统途径获得奥术知识的法师
Focused,,Concentré ,,Concentrazione,,Konzentriert,,Concentrado,,凝縮,,집중,,专注,,,,Power +25% if unit doesn't move,,Puissance +25 % si l'unité reste immobile.,,+25% potenza se l'unità non si muove,,"Macht +25 %, wenn sich die Einheit nicht bewegt.",,+25 % de poder si la unidad no se mueve.,,動せずに攻撃すると、威力+25％,,유닛이 움직이지 않으면 파워 25% 증가,,果单位不移动，则能量增加 +25%,
Sharpened Will,,Volonté de fer ,,Volontà di ferro,,Geschärfter Wille,,Voluntad afilada,,鋭敏なる意志,,선명한 의지,,锐化意志,,,,Mastery increases accuracy.,,La maitrise augmente la précision.,,la maestria aumenta la precisione,,Meisterschaft erhöht Präzision.,,la maestría aumenta la precisión.,,練度の値により、命中が上がる。,,숙달이 정확도를 증가시킵니다.,,通提高准确性。,
Magician,,Magicien ,,Prestigiatore,,Bühnenmagier,,Brujo,,マジシャン,,마술사,,幻术大师,,,,,Some prefer circus tricks over power. Sometimes you just need the money,,"Certains préfèrent le spectacle à la puissance. Parfois, c’est juste pour se faire de l’argent.",,C'è chi al potere preferisce i trucchetti da circo. A volte è solo per bisogno di soldi.,,Manche ziehen billige Tricks der echten Macht vor. Manchmal brauchen sie einfach Geld,,Algunos prefieren los trucos de circo al poder. Es que a veces hace falta dinero.,,世には力よりもサーカスの手品を好む人もいる。人生にはお金が必要だ,,어떤 사람들은 권력보다 서커스 트릭을 선호합니다. 때때로 돈만 있으면 됩니다,,有些人比起实际力量，更喜欢耍诡计。有时候，你只需要有钱就可以了
Beam Me Up,,Rayon téléporteur ,,Teletrasporto,,Hochbeamen,,A teletransportarse,,遠方移動,,순간이동,,照亮我,,,,Phase range +1,,portée de téléportation + 1.,,+1 alla portata di smaterializzazione,,Phasenreichweite +1,,+1 de alcance de teletransporte.,,ープ射程+1,,위상 범위 +1,,位范围增加 +1,
Maestro,,Maestro ,,Maestro,,Maestro,,Maestro,,巨匠,,마에스트로,,大师,,,,Allies within 2 tiles have increased accuracy,,Les alliés à 2 cases de portée ont une précision accrue.,,aumenta la precisione degli alleati entro 2 caselle di distanza,,Verbündete innerhalb von 2 Feldern erhalten erhöhte Präzision,,los aliados a menos de 2 casillas adquieren mayor precisión.,,マス内の味方の命中が向上する,,2타일 이내 동맹군의 정확도가 증가합니다,, 格内盟友准确度提高了,
Conjurer,,Conjureur ,,Evocatore,,Beschwörer,,Conjurador,,コンジュラー,,요술사,,召唤师,,,,,Rough mages who harness the inconsistent power of conjured flame,,Des mages maitrisant le pouvoir instable de l’invocation.,,Maghi grezzi che manipolano l'indomabile potere delle fiamme evocate.,,Diese rauen Magier nutzen die unzuverlässige Macht der beschworenen Flamme,,Magos poco diestros que aprovechan el poder irregular de la llama conjurada.,,魔法の炎の気まぐれな力を駆使する乱暴な魔法使い,,마법 불꽃의 일관성 없는 힘을 활용하는 거친 마법사들,,利用魔法火焰的不稳定力量的粗糙法师
Sorcerer's Siphon,,Siphonage magique ,,Sifone dello stregone,,Zaubersiphon,,Sifón del hechicero,,魔導士の漏斗,,마법사의 사이펀,,魔法师虹吸,,,,Healed for 20% of damage done,,Soigné de 20 % des dégâts infligés.,,guarisce per il 20% dei danni inflitti,,Heilung um 20 % des verursachten Schadens,,se cura en un 20 % del daño infligido.,,えたダメージの20％分回復する,,입은 대미지의 20% 치유,,愈已造成伤害的 20%,
Sorcerer's Sting,,Piqûre magique ,,Puntura dello stregone,,Zauberstich,,Picadura del hechicero,,魔導士の一刺し,,마법사의 침,,魔法师之刺,,,,35% chance to add 15% of current HP to damage,,35 % de chance d'ajouter 15 % des PV actuels aux dégâts.,,35% di probabilità di aggiungere 15% dei PS ai danni,,"35 % Chance, 15 % der aktuellen LP zum Schaden hinzuzufügen",,35 % de probabilidad de agregar un 15 % de los PS actuales al daño.,,35％の確率で、現在のHPの15％をダメージに追加する,,35% 확률로 현재 HP의 15%를 대미지에 추가,,35% 的几率用当前生命值的 15% 增加伤害,
Aegis,,Égide ,,Protettore,,Aigis,,Égida,,イージス,,이지스,,宙斯盾,,,,,"The ancient art of warding armor is lost, but, for a steep price, the armor itself is not",,"L’art ancestral des armures gardiennes est perdu, mais pas le fruit de son labeur, si on y met le prix.",,"L'antica arte dell'armatura protettiva è perduta, ma, a caro prezzo, l'armatura in sé no.",,"Die uralte Kunst der abwehrenden Rüstung ist verloren, aber für einen angemessenen Preis ist die Rüstung noch zu haben",,"El antiguo arte de proteger las armaduras se ha perdido, pero no las armaduras en sí, con tal de que pagues su exorbitante precio.",,古より伝わる鎧の技は失われたが、その鎧自体は高価ではあるが、存在は失われていない,,"수호 갑옷의 고대 기술은 사라졌지만, 가파른 가격에 갑옷은 사라지지 않았습니다",,古老的护甲术已经失传，但是，盔甲本身并没有，但是需要付出高昂的价格
Warded Armor,,Armure renforcée ,,Armatura magica,,Schutzrüstung,,Armadura protegida,,刻み目の鎧,,보호 갑옷,,守卫护甲,,,,Taking magic damage grants a healing ward to adjacent allies,,Encaisser des dégâts magiques déploie une balise de soins sur les alliés adjacents.,,subire danni magici attiva un incantesimo curativo sugli alleati adiacenti,,"Wird magischer Schaden erlitten, erhalten benachbarte Verbündete einen heilenden Schutz",,recibir daño de magia otorga un resguardo de curación a los aliados adyacentes.,,法ダメージを受けると、隣接する味方にヒーリングが付与される,,마법 대미지를 입으면 인접한 동맹군에게 치유 병동을 부여합니다,,到魔法伤害会为相邻的盟友提供治愈结界,
Shroud of the Eye,,Linceul de l'œil ,,Occhio velato,,Schleier vor den Augen,,Ojos tapados,,聖布,,눈의 장막,,眼之罩,,,,Defense increased by 10% of magic,,Défense augmentée de 10 % de la magie.,,difesa +10% del valore di magia,,Verteidigung steigt um 10 % der Magie,,la defensa aumenta en un 10 % de la magia.,,御力が魔力の10％分増加する,,방어가 마법의 10% 증가,,御增加了 10% 的魔法能量,
Wizard,,Sorcier ,,Arcimago,,Zauberer,,Hechicero,,ウィザード,,대마법사,,向导,,,,,Control and finesse are temporary. Raw power is forever,,Les épées se brisent. La magie est éternelle.,,Il controllo e la finezza sono temporanei. La potenza pura è eterna.,,Kontrolle und Raffinesse vergehen. Reine Macht bleibt bestehen,,El control y la delicadeza son temporales. El poder puro es para siempre.,,支配と策略は一時のもの。身につけた魔力は永遠,,통제와 기교는 일시적입니다. 순수한 힘만 영원합니다,,控制能力和技巧都是暂时的。原始力量才是永恒的
Arcane Overload,,Surcharge d'arcanes ,,Signore arcano,,Arkane Überlast,,Sobrecarga arcana,,魔力の暴走,,비전 과다,,奥术过载,,,,Power is increased by an extra 20% of magic,,Puissance augmentée de 20 % de la magie.,,potenza +20% del valore di magia,,Macht steigt um zusätzliche 20 % der Magie,,el poder aumenta en un 20 % adicional de la magia.,,力が魔力の20％分増加する,,파워가 마법의 20% 추가로 증가,,量中增加了额外 20% 的魔法能量,
Ancient Wisdom,,Sagesse des anciens ,,Saggezza antica,,Uralte Weisheit,,Sabiduría ancestral,,古代の英知,,고대의 지혜,,古代智慧,,,,Mastery is increased by 20% of power,,Maitrise augmentée de 20 % de la puissance.,,maestria +20% del valore di potenza,,Meisterschaft wird um 20 % der Macht erhöht,,la maestría aumenta en un 20 % del poder.,,練度が威力の20％分増加する,,숙달이 파워의 20% 증가,,通度增加了 20% 的能量,
Illusionist,,Illusionniste ,,Illusionista,,Illusionist,,Ilusionista,,イリュージョニスト,,일루셔니스트,,幻术师,,,,,It's easy to fool people when they're already fooling themselves,,Les gens sont tellement crédules et influençables...,,È facile ingannare le persone che si stanno già ingannando da sole.,,"Es ist leicht, Menschen zu betrügen, wenn sie sich schon selbst belügen",,Es fácil engañar a los que ya se engañan a sí mismos.,,自分自身を騙している人間は、他人だって簡単に騙せる,,사람들이 이미 자신을 속이고 있을 때 그들을 속이기는 쉽습니다,,当人们自欺欺人时，很容易被人欺
Projection,,Projection ,,Proiezione,,Projektion,,Proyección,,投射,,투영,,投影,,,,Phase range +1,,Portée de téléportation +1,,+1 alla portata di smaterializzazione,,Phasenreichweite +1,,+1 de alcance de teletransporte.,,ープ射程+1,,위상 범위 +1,,位范围增加 +1,
Mirror Images,,Image miroirs ,,Immagini gemelle,,Spiegelbilder,,Imágenes de espejo,,鏡像,,분신,,镜像,,,,Allies within 2 tiles have increased accuracy,,Les alliés à 2 cases de portée ont une précision accrue.,,aumenta la precisione degli alleati entro 2 caselle,,Verbündete innerhalb von 2 Feldern erhalten erhöhte Präzision,,los aliados a menos de 2 casillas adquieren mayor precisión.,,マス内にいる味方の命中が上がる,,2타일 이내 동맹군의 정확도가 증가합니다,, 格内盟友提高了准确性,
Pyromancer,,Pyromancien ,,Piromante,,Pyromant,,Piromante,,パイロマンサー,,화염술사,,火炎术士,,,,,It is rumored that the strongest pyromancers have the soul of a dragon,,On dit que les pyromanciens les plus puissants ont une âme de dragon.,,Si dice che i piromanti più potenti abbiano l'anima di drago.,,"Es heißt, dass in den stärksten Pyromanten die Seelen von Drachen wohnen",,Se rumorea que los piromantes más fuertes tienen el alma de un dragón.,,最強のパイロマンサーは、竜の魂を持っているという,,최강의 화염술사들에겐 용의 영혼이 있다는 소문이 있습니다,,传闻最强火炎术士拥有龙魂
Burning Heart,,Cœur brûlant ,,Cuore in fiamme,,Flammendes Herz,,Corazón ardiente,,燃える心,,불타는 심장,,燃烧之心,,,,"Crit is increased by your percentage of health, up to 30%",,Dégâts critiques augmentés par un pourcentage des PV jusqu'à 30 %.,,"il colpo critico aumenta a seconda della percentuale della salute, fino al 30%",,"Krit steigt um Anteil der vorhandenen Gesundheit, bis zu 30 %",,"el crítico aumenta hasta un 30 %, según tu porcentaje de salud.",,殺率が、残りHPの割合により最大30％増加する,,치명타가 체력 비율에 따라 최대 30%까지 증가합니다,,击率根据你的生命值百分比增加，最高可增加 30%,
Dragon Soul,,Âme draconique ,,Anima di drago,,Drachenseele,,Alma de dragón,,竜の魂,,드래곤 소울,,龙魂,,,,35% chance to add 20% of current HP to damage,,35 % de chance d'ajouter 20 % des PV actuels aux dégâts.,,35% di probabilità di aggiungere 20% dei PS attuali ai danni,,"35 % Chance, 20 % der aktuellen LP zum Schaden hinzuzufügen",,35 % de probabilidad de agregar un 20 % de los PS actuales al daño.,,35％の確率で、現在のHPの20％をダメージに追加する,,35% 확률로 현재 HP의 20%를 대미지에 추가,,35% 的几率用当前生命值的 20% 增加伤害,
Inquisitor,,Inquisiteur ,,Inquisitore,,Inquisitor,,Inquisidor,,インクイジター,,심문관,,审讯官,,,,,Holy warriors who seek to stop errant magic users. Most effective when unexpected,,De saints guerriers qui cherchent à mettre fin à la magie. Très efficaces quand on ne s’attend pas à eux.,,Guerrieri sacri determinati a fermare gli utilizzatori erranti di magia. La loro efficacia si rivela nei momenti più inaspettati.,,"Die heiligen Krieger versuchen, irrende Zauberkundige aufzuhalten. Besonders effektiv, wenn man sie nicht erwartet",,Guerreros sagrados que tratan de detener a los usuarios de magia errantes. Son más eficaces cuando menos se les espera.,,堕落した魔法使いを成敗する聖戦士。予期せぬ時に力を発揮するだろう,,잘못된 마법 사용자를 막으려는 성스러운 전사들. 예상치 못한 경우에 가장 효과적입니다,,试图阻止错误施法者的神圣战士。出其不意时最有效
Inquisition,,Inquisition ,,Inquisizione,,Inquisition,,Inquisición,,尋問,,심문,,审讯,,,,Power increased by 40% of enemy's magic stat,,Puissance +40 % de la statistique de magie de l'ennemie.,,potenza +40% del valore di magia del nemico,,Macht steigt um 40 % der Magie des Gegners,,el poder aumenta en un 40 % de la estadística mágica del enemigo.,,力が敵の魔力の40％分増加する,,파워가 적 마법 스탯의 40% 증가,,量中增加了敌人魔法值的 40%,
Righteous Cause,,Juste cause ,,Causa virtuosa,,Gerechte Sache,,Causa justa,,大義,,대의명분,,正义之道,,,,Healing increases accuracy by 25% for one turn,,Le soin augmente la précision de 25 % pour 1 tour.,,guarire aumenta la precisione del 25% per un turno,,Heilung erhöht Präzision für 1 Runde um 25 %,,la curación aumenta un 25 % la precisión durante un turno.,,ーリングをすると、1ターンの間命中が25％上がる,,한 턴 동안 치유가 정확도 25%를 증가시킵니다,,个回合中，治愈将命中率提升25%,
Guardian,,Gardien ,,Guardiano,,Wächter,,Guardián,,ガーディアン,,수호자,,守护者,,,,,"Clerics who devote themselves to protecting others, often proactively",,Des clercs qui vouent leur vie à protéger les autres et de manière très efficace.,,"Chierici che si dedicano a proteggere gli altri, spesso intervenendo in anticipo.",,"Diese Kleriker beschützen andere, oft proaktiv",,"Clérigos que se dedican a proteger a los demás, a menudo de forma proactiva.",,しばしば積極的に仲間の保護に専念する聖職者,,"다른 사람을 보호하는 데 헌신하는 성직자, 종종 적극적으로",,致力于保护他人的神职人员，通常是积极主动的
Resonance,,Résonance ,,Risonanza,,Resonanz,,Resonancia,,共鳴,,공명,,共鸣,,,,"Healing power +25%, heals spread over 3 turns.",,"Soins +25 %, les soins sont répartis sur 3 tours.",,"+25% potenza di guarigione, guarisce per 3 turni",,"Heilkraft +25 %, heilt über 3 Runden verteilt.",,"+25 % de poder de curación, curaciones repartidas en 3 turnos.",,ーリング効果+25％、3ターンに渡って回復する,,"치유 파워 +25%, 3턴에 걸쳐 치유합니다.",,疗力 +25%，治疗延伸 3 回合,
Last to Fall,,Dernier debout ,,Ultimo bastione,,Bis zum Letzten,,Hasta el final,,最終防衛線,,마지막 생존자,,挺到最后,,,,Defense is increased by % missing health,,La défense est augmentée d'un % de la santé manquante.,,la difesa aumenta proporzionalmente alla salute mancante,,Verteidigung steigt um % verlorener LP,,la defensa aumenta en un porcentaje de la salud que falta.,,御力が、失ったHP％増加する,,방어가 체력 손실 %만큼 증가,,御力借助 % 的失去生命值提升了,
Priest,,Prêtre ,,Sacerdote,,Priester,,Sacerdote,,プリースト,,사제,,牧师,,,,,"Clerics who seek only to heal others, but on occasion must fight nonetheless",,"Des clercs dont le rôle est de protéger les autres, mais qui se rendent parfois utiles au combat.",,"Chierici il cui scopo è guarire gli altri, ma che quando è necessario scendono in battaglia.",,"Diese Kleriker wollen nur heilen, müssen gelegentlich aber doch kämpfen",,"Clérigos que solo desean curar a los demás, pero que en ocasiones deben luchar de todos modos.",,人を癒すことだけを追求するも、時には戦いを選ぶ聖職者,,"다른 사람들에 대한 치유만 추구하는 성직자, 하지만 때로는 싸우기도 해야 합니다",,单纯追求治愈他人但有时仍需战斗的牧师
Light's River,,Rivière de lumière ,,Fiume di luce,,Strom des Lichts,,Río de luz,,光の川,,빛의 강,,圣光之河,,,,Dodge increased by 15% of power,,Esquive augmentée de 15 % de la puissance.,,schivata +15% del valore di potenza,,Ausweichen steigt um 15 % der Macht,,la evasión aumenta en un 15 % del poder.,,避が威力の15％増加する,,회피가 파워의 15% 증가,,避功能增加了 15% 的能量,
Righteous Horizon,,Horizons de justice ,,Orizzonte virtuoso,,Gerechter Horizont,,Horizonte de justicia,,正義の地平線,,정의의 지평선,,正义地平线,,,,+1 healing range,,+1 de portée des soins.,,+1 alla portata della guarigione,,Heilreichweite +1,,+1 de alcance de curación.,,ーリング射程+1,,+1 치유 범위,,疗范围增加 +1,
Acolyte,,Acolyte ,,Accolito,,Akolyth,,Acólito,,アコライト,,견습생,,侍祭,,,,,Devotees who give up portions of their immortal soul to access more of a god's power,,Des dévots sacrifiant une partie de leur âme pour se rapprocher du pouvoir des Dieux.,,Devoti che rinunciano a parte della loro immortalità per ottenere poteri simili a quelli di un dio.,,"Gläubige, die Teile ihrer unsterblichen Seele aufgeben, um über mehr von der Macht ihres Gottes verfügen zu können",,Devotos que ceden porciones de su alma inmortal para acceder a una parte mayor del poder de un dios.,,神の力とより強くつながるため、不滅の魂の一部を捧げた者,,더 많은 신의 힘을 얻기 위해 불멸의 영혼 일부를 포기하는 신봉자들,,放弃部分不朽灵魂以获取更多神力的信徒
Consumption,,Consommation ,,Consumo,,Aufzehrung,,Consumo,,吸収,,소진,,消耗,,,,Healed for 20% of damage done,,Soigné de 20 % des dégâts infligés.,,guarisce per il 20% dei danni inflitti,,Heilung um 20 % des verursachten Schadens,,se cura en un 20 % del daño infligido.,,えたダメージの20％分回復する,,입은 대미지의 20% 치유,,愈已造成伤害的 20%,
Unholy Furor,,Fureur impie ,,Empio furore,,Unheiliger Zorn,,Furor impío,,不浄なる怒り,,위태로운 광기,,邪恶之怒,,,,"Healing increases the crit of your next attack by 6%, stacking up to 4 times",,"Les soins augmentent les dégâts critiques de la prochaine attaque de 6 %, cumulable jusqu'à 4 fois.",,"guarire aumenta del 6% colpo critico del prossimo attacco, fino a 4 volte",,"Heilung steigert die Krit-Chance deines nächsten Angriffs um 6 %, bis zu 4-mal stapelbar.",,"la curación aumenta un 6 % el crítico de tu próximo ataque, acumulándose hasta 4 veces.",,ーリングを使うと、次の攻撃の必殺率が6％増加する。効果は最大4回まで累積する,,"치유는 다음 공격의 치명타를 6% 증가시키고, 최대 4번까지 중첩됩니다",,疗使下次攻击的暴击率提高 6%，最多可叠加 4 次,
Crusader,,Croisé ,,Crociato,,Kreuzritter,,Cruzado,,クルセイダー,,십자군,,十字军,,,,,How much is a Crusader's oath worth? Nothing. Everything,,Combien vaut le serment d’un croisé ? À la fois tout et rien.,,Quanto vale il giuramento di un crociato? Nulla. Tutto.,,Was ist der Eid eines Kreuzritters wert? Nichts. Alles.,,"¿Cuánto vale el juramento de un cruzado? Nada, o todo.",,クルセイダーの誓約にはどれくらいの価値がある？　ゼロに等しく、同時にすべてでもある,,십자군 맹세의 가치는 얼마입니까? 아무것도 아님. 모든 것,,十字军的誓言价值几何？一文不值，或者无价。
Divine Purpose,,But divin ,,Scopo divino,,Göttliches Ziel,,Designio divino,,聖なる天命,,신의 의도,,神圣目的,,,,"Attacking increases the effect of your next heal, stacking infinitely",,"Attaquer augmente les effets des prochains soins, cumulable à l'infini.",,"attaccare aumenta l'efficacia della prossima guarigione, senza limiti",,"Angreifen erhöht die Wirkung deiner nächsten Heilung, unbegrenzt stapelbar",,"atacar aumenta el efecto de tu próxima curación, acumulándose hasta el infinito.",,撃すると、次回使用するヒーリングの効果が高まる。効果は無限に累積する,,"공격하면 다음 치유의 효과가 증가하고, 무한 중첩됩니다",,击会提升下一次治疗的效果，而且可以无限叠加,
Zealous Rush,,Charge du zélote ,,Carica infervorata,,Begeisterte Eile,,Embestida fanática,,情熱の突撃,,열성적인 돌진,,狂热一冲,,,,Gain movement range when a bonded unit gets to low health,,Augmente la portée de mouvement lorsqu'une unité en synergie a ses PV bas.,,aumenta la distanza di movimento quando le unità con cui ha un legame hanno la salute bassa,,"Bewegungsweite steigt, wenn eine verbundene Einheit bei niedriger Gesundheit ist",,gana alcance de movimiento cuando una unidad vinculada tiene poca salud.,,を結んだユニットのHPが低下した時、追加の移動範囲を獲得する,,결속된 유닛의 체력이 낮아지면 이동 범위를 획득합니다,,绑定单位生命值降低时获得移动范围,
Paladin,,Paladin ,,Paladino,,Paladin,,Paladín,,パラディン,,팔라딘,,圣骑士,,,,,Legend has it that the twelve Paladins of Faine have long opposed those who seek only destruction,,La légende raconte que les douze Paladins de Faine se sont longtemps opposés à ceux qui ne cherchaient que la destruction.,,La leggenda vuole che i dodici paladini di Faine abbiano a lungo opposto resistenza a coloro che cercano solo distruzione.,,"Der Legende nach haben sich die zwölf Paladine von Faine lange den Kräften widersetzt, die nur auf Zerstörung aus sind",,Cuenta la leyenda que los doce paladines de Faine se han opuesto durante mucho tiempo a aquellos que solo buscan la destrucción.,,伝説によると、フェインの12人のパラディンは、破壊だけを求める者たちに長らく反対してきた,,전설에 따르면 12명의 페인 팔라딘들은 파괴만을 추구하는 자들을 오랫동안 반대해 왔습니다,,传说费恩的十二个圣骑士长期以来一直反对那些只寻求破坏的人
Indomitable,,Implacable ,,Indomito,,Unbezwingbar,,Indomable,,不屈,,불굴의,,不屈,,,,any damage over 20% of max hp is reduced by 50%,,Tout dégât baissant les PV de plus de 20 % sont réduits de 50 %.,,i danni che superano il 20% dei PS totali sono ridotti del 50%,,Erlittener Schaden über 20 % der Max-LP wird um 50 % reduziert,,cualquier daño superior al 20 % de los PS máximos se reduce un 50 %.,,大HPの20％を超えるダメージは、50％減少する,,최대 HP의 20%를 초과하는 모든 대미지가 50% 감소합니다,,何超过最大生命值 20% 的伤害都减少 50%,
Savior's Grace,,Grâce du sauveur ,,Grazia del salvatore,,Rettende Gnade,,Gracia del salvador,,救世の恩寵,,구세주의 은총,,救世主之恩赐,,,,Healing leaves a ward on allies that increases healing taken for 3 turns.,,Les soins déploient une balise sur les alliés qui augmente les soins reçus pendant 3 tours.,,guarire protegge gli alleati con un incantesimo che aumenta l'efficacia di guarigione per 3 turni,,"Heilung hinterlässt einen Schutz bei den Verbündeten, der für 3 Runden die zugefügte Heilung erhöht.",,la curación deja un resguardo para los aliados que aumenta la curación que reciben durante 3 turnos.,,ーリングは味方に病棟を残し、3ターンの間受けるヒーリングの効果を増加させる,,치유는 동맹군에게 3턴 동안 받는 치유를 증가시켜주는 병동을 남깁니다.,,愈时在盟友身上留下一个结界，可提升治疗效果，持续 3 回合。,
Prophet,,Prophète ,,Profeta,,Prophet,,Profeta,,プロフェット,,예언자,,预言家,,,,,"The most powerful healers of the age, Prophets use their visions to mend wounds as perfectly as can be done",,"En tant que guérisseurs les plus puissants de notre âge, les prophètes utilisent le pouvoir de leurs visions pour soigner parfaitement les blessures.",,I profeti sono i guaritori più potenti di quest'epoca e usano le loro visioni per curare ferite nella maniera più perfetta possibile.,,"Die mächtigsten Heiler des Zeitalters. Propheten nutzen ihre Visionen, um Wunden so perfekt wie möglich zu heilen",,"Los curanderos más poderosos de nuestros tiempos, los profetas usan sus visiones para curar heridas de la manera más perfecta posible.",,当代で最も強力なヒーラーであるプロフェットは、未来のビジョンを元に完璧に傷を治す,,이 시대의 가장 강력한 치유사인 예언자들은 자신의 비전을 사용하여 가능한 한 완벽하게 상처를 치료합니다,,作为这个时代最强大的治疗师，语言家们可以利用他们的愿景尽可能完美地修复伤口
Light of Shaliz,,Lumière de Shaliz ,,Luce di Shaliz,,Licht von Shaliz,,Luz de Shaliz,,シャリスの光,,샬리즈의 빛,,莎莉兹之光,,,,+1 healing range,,+1 de portée de soins.,,+1 alla portata della guarigione,,Heilreichweite +1,,+1 de alcance de curación.,,ーリングの射程+1,,+1 치유 범위,,愈范围增加 +1,
Hand of God,,Main de Dieu ,,Mano di dio,,Hand Gottes,,Mano de Dios,,神の手,,신의 손,,上帝之手,,,,Dodge increased by 15% of power,,Esquive augmentée de 15 % de la puissance.,,schivata +15% del valore di potenza,,Ausweichen steigt um 15 % der Macht,,la evasión aumenta en un 15 % del poder.,,避が威力の15％分増加する,,회피가 파워의 15% 증가,,避功能增加了 15% 的能量,
Phantom,,Fantôme ,,Spettro,,Phantom,,Fantasma,,ファントム,,팬텀,,幻影,,,,,"Those who have given in fully to divine power, relinquishing their mortality to commune freely with a god's power",,Ceux qui se sont entièrement abandonnés au pouvoir divin communient librement avec lui et la puissance qu’il leur confère.,,"Coloro che si sono arresi completamente al potere divino, rinunciando alla loro mortalità per entrare liberamente in comunione con il potere di un dio.",,"Sie haben sich ganz der göttlichen Macht ergeben, ihre Sterblichkeit aufgegeben, um frei mit der Macht ihres Gottes zu kommunizieren",,"Aquellos que se han entregado completamente al poder divino, renunciando a su mortalidad para comulgar libremente con el poder de un dios.",,神に完全に身を捧げ、死を放棄して神の力と自由に交わる人々,,"신의 권능에 완전히 굴복하고, 신의 권능과 자유롭게 교감하기 위해 필멸의 삶을 포기한 이들",,那些完全屈服于神力的人，放弃永生，以自由地与神力交流
Ethereal,,Corps éthéré ,,Immateriale,,Ätherisch,,Etéreo,,幽体,,에테르,,空灵,,,,Can move through enemy units,,Peut traverser les unités ennemies.,,può muoversi attraverso le unità nemiche,,Kann sich durch gegnerische Einheiten bewegen,,puede pasar a través de las unidades enemigas.,,ユニットをすり抜けて移動できる,,적 유닛을 통과해서 이동할 수 있습니다,,以穿过敌方单位,
Reaper,,Faucheuse ,,Mietitore,,Schnitter,,Segador,,死神,,사신,,收割者,,,,Power increased 0.4% per % of enemies missing max health,,"Puissance +0,4 % pour chaque % d'ennemis n'étant pas au max de PV.",,"+0,4% potenza proporzionalmente alla salute mancante dei nemici",,"Macht steigt um 0,4 % pro Gegner unter max. LP",,"el poder aumenta un 0,4 % por cada porcentaje de enemigos a los que les falta la vida máxima.",,が失ったHPの1％あたり、威力が0.4％増加する,,최대 체력을 상실한 적의 %당 파워 0.4% 증가,,人每减少 % 的最大生命值，能量就会增加 0.4%,
,,,,,,,,,,,,,,,,,,,,,,,,,,,,,,,,,
Blaze,,Flambeur ,,Animo fiammeggiante,,Lohe,,Luchador de la llama,,ブレイズ,,불꽃,,火焰,,,,,Disciples of flame who master the inferno ignited by their blood,,Disciple des flammes qui ont le feu dans le sang.,,Discepoli delle fiamme che padroneggiano l'inferno sprigionato dal loro sangue.,,"Anhänger der Flamme, die das von ihrem Blut entzündete Inferno beherrschen",,Discípulos de la llama que dominan el infierno encendido por su sangre.,,自らの血の火に転化し、この世を煉獄に変える炎の申し子,,피로 점화된 인페르노를 다스리는 불꽃의 제자들,,火焰门徒，掌握着由热血点燃的地狱火焰
Heat Flash,,Bouffée de chaleur ,,Ondata di calore,,Hitzewallung,,Destello calorífico,,熱の閃光,,섬광,,热闪,,,,33% chance to deal 1.6x damage,,"33 % de chance d'infliger 1,6x dégâts.",,"33% di probabilità di infliggere x1,6 danni",,"33 % Chance, 1,6-fachen Schaden zuzufügen",,"33 % de probabilidad de infligir daño x1,6.",,33％の確率で1.6倍のダメージを与える,,33% 확률로 1.6배 대미지를 입힙니다,,33% 几率造成 1.6 倍伤害,
Bonfire,,Feu de camp ,,Pira,,Freudenfeuer,,Hoguera,,大火,,모닥불,,B篝火,,,,Kills grant +4% power,,Les éliminations confèrent +4 % de puissance.,,le uccisioni forniscono +4% potenza,,Getötete Gegner bringen +4 % Macht,,las muertes otorgan un 4 % de poder adicional.,,を撃破すると、威力+4％,,사살이 +4% 파워를 부여합니다,,杀赋予 +4% 威力,
Surge,,Météomancien ,,Animo elettrico,,Sturmwelle,,Luchador del trueno,,サージ,,서지,,潮涌,,,,,Powerful stormriders who use lightning and wind to devastating effect,,De puissants mages qui utilisent les éclairs et les vents pour venir à bout de leurs ennemis.,,Potenti cavalcatori di tempeste che sfruttano gli effetti devastanti di fulmini e vento.,,"Mächtige Sturmreiter, die Blitze und Winde als vernichtende Helfer einsetzen",,Poderosos guerreros de la tormenta que utilizan los rayos y el viento con efectos devastadores.,,雷と風を操り敵に壊滅的な被害を与える強力な嵐の使い手,,번개와 바람을 이용하여 파괴적인 효과를 내는 강력한 스톰라이더,,强大的风暴骑士，利用闪电和大风造成毁灭性的影响
Eye of the Storm,,Œil du cyclone ,,Occhio della tempesta,,Auge des Sturms,,Ojo de la tormenta,,嵐の目,,폭풍의 눈,,风暴之眼,,,,35% chance to guarantee a hit and increase crit by 25%,,35 % de garantie de toucher l'ennemi et dégâts critiques +25 %.,,35% di probabilità di garantire un colpo e +25% colpo critico,,35 % Chance auf garantierten Treffer und 25 % erhöhten Krit.,,35 % de probabilidad de garantizar un impacto y aumento de crítico del 25 %.,,25％の確率で命中を保証し、必殺率を35％増加させる,,35% 확률로 적중 보장 및 치명타 25% 증가,,35% 几率保证命中并增加 25% 暴击率,
Fettering Winds,,Chaine aérienne ,,Vento incatenante,,Windfessel,,Vientos atrapadores,,風の束縛,,바람의 족쇄,,束缚之风,,,,Chain range +2,,Portée d'enchainement +2.,,+2 alla portata della catena,,Kettenreichweite +2,,+2 de alcance de cadena.,,ェーンの射程+2,,속박 범위 +2,,锁范围增 +2,
Gale,,Éoliomancien ,,Animo ventoso,,Sturmwind,,Luchador del vendaval,,ゲール,,돌풍,,飓风,,,,,Spearfighters who draw power from wind magic to strike swiftly,,Des lanciers qui tirent leur puissance de la magie des vents pour frapper rapidement.,,Lancieri che traggono potere dalla magia del vento per sferrare attacchi repentini.,,"Speerkämpfer, die aus Windmagie die Macht zum schnellen Zustoßen gewinnen",,Luchadores con lanza que extraen el poder de la magia del viento para atacar con rapidez.,,風の魔法から力を引き出し、素早く攻撃する槍兵,,바람의 마법으로 힘을 끌어내어 빠르게 공격하는 창전사들,,从风系魔法中汲取力量进行快速攻击的长矛兵
Swiftwind,,Vent violent ,,Vento rapido,,Windeseile,,Vientos rápidos,,疾風,,강풍,,疾风,,,,10% chance to hit again,,10 % de chance de frapper à nouveau.,,10% di probabilità colpire di nuovo,,10 % Chance auf weiteren Treffer,,10 % de probabilidad de volver a golpear.,,10％の確率で追加攻撃をする,,10% 확률로 다시 적중,,10% 几率再次命中,
Storm Strike,,Tornade ,,Colpo del temporale,,Sturmschlag,,Golpe de la tormenta,,嵐の一撃,,폭풍의 일격,,风暴打击,,,,50% chance to deal 1.3x damage,,"50 % de chance d'infliger 1,3x dégâts.",,"50% di probabilità di infliggere x1,3 danni",,"50 % Chance, 1,3-fachen Schaden zuzufügen",,"50 % de probabilidad de infligir daño x1,3.",,50％の確率で1.3倍のダメージを与える,,50% 확률로 1.3배 대미지를 입힙니다,,50% 几率造成 1.3 倍伤害,
Reverie,,Rêverie ,,Animo sognante,,Träumerei,,Ensoñador,,レヴァリー,,몽상,,遐想,,,,,Adepts who have learned to access the power of the Astral Plane,,Des adeptes qui ont appris à user des pouvoirs du Plan Astral.,,Adepti che hanno imparato ad accedere al potere del Piano astrale.,,"Adepten, die Zugang zur Macht der Astralebene gefunden haben",,Adeptos que han aprendido a acceder al poder del plano astral.,,霊的空間につながることを学んだアデプト,,아스트랄계의 힘에 접근하는 법을 배운 숙련자들,,已学会获取星光界力量的行家
Dream Eater,,Dévorêve ,,Mangia-sogni,,Traumesser,,Comesueños,,夢喰い,,드림 이터,,食梦者,,,,Healed for 20% of damage done,,Soigné de 20 % des dégâts infligés.,,guarisce per il 20% dei danni inflitti,,Heilung um 20 % des verursachten Schadens,,se cura en un 20 % del daño infligido.,,えたダメージの20％分回復する,,입은 대미지의 20% 치유,,愈已造成伤害的 20%,
Dreamwalker,,Marcherêve ,,Sognatore,,Traumwandler,,Sonámbulo,,夢遊,,드림워커,,梦游者,,,,attacks ignore 20% of enemy fortitude or defense,,Les attaques ignorent 20 % du courage ou de la défense ennemie.,,gli attacchi ignorano il 20% di difesa o tempra dei nemici,,Angriffe ignorieren 20 % der Standhaftigkeit oder Verteidigung des Gegners,,los ataques ignoran el 20 % de la fortaleza o defensa del enemigo.,,撃の際、敵の精神力または防御力の20％を無視する,,공격 시 적 의지 또는 방어의 20% 무시,,击无视敌人 20% 勇气或防御,
Firelord,,Seigneur du feu ,,Signore del fuoco,,Feuerherr,,Señor del fuego,,ファイアロード,,불의 군주,,火焰领主,,,,,"Living embodiments of flame, Firelords have merged with the inferno",,Des incarnations du feu en lien étroit avec l’inferno.,,"Incarnazioni delle fiamme, i signori del fuoco sono divenuti tutt'uno con l'inferno.",,Lebende Verkörperungen der Flamme. Die Feuerherren sind eins mit dem Inferno,,"Encarnaciones vivientes de la llama, los señores del fuego se han fusionado con el infierno.",,火炎地獄と融合した、炎の生ける具現化とでも言うべき存在,,"불꽃의 살아있는 화신, 불의 군주와 인페르노의 결합",,火焰的鲜活化身，烈火领主已与地狱火焰融合
Unwavering Heat,,Chaleur intenable ,,Calore risoluto,,Unnachgiebige Hitze,,Calor inquebrantable,,揺らがぬ炎,,부동의 열,,不可动摇的热量,,,,25% of Strength is added to magic,,25 % de la force est ajoutée à la magie.,,magia +25% del valore di forza,,25 % der Stärke als Bonus auf Magie,,el 25 % de la fuerza se agrega a la magia.,,力の25％が魔力に追加される,,마법에 힘의 25% 추가,,25% 的力量被添加到魔法中,
Magmatic Flux,,Flux magmatique ,,Flusso di magma,,Magmastrom,,Flujo magmático,,噴火,,마그마의 유동,,岩浆通量,,,,33% chance to deal 2x damage,,33 % de chance d'infliger 2x dégâts.,,33% di probabilità di infliggere x2 danni,,"33% Chance, 2-fachen Schaden zuzufügen",,33 % de probabilidad de infligir daño x2.,,33％の確率で2倍のダメージを与える,,33% 확률로 2배 대미지를 입힙니다,,33% 几率造成 2x 伤害,
Thunderlord,,Seigneur de la foudre ,,Signore dei fulmini,,Donnerherr,,Señor del trueno,,サンダーロード,,천둥의 군주,,雷霆领主,,,,,"Adepts who have heard the storm's call and accepted it, riding astride powerful lightning drakes",,Des adeptes qui ont répondu à l’appel de la foudre et chevauchant de puissants éclairs.,,Adepti che hanno udito il richiamo della tempesta e sono accorsi a cavallo di potenti draghi di fulmini.,,"Adepten, die den Ruf des Sturms erhört haben, reiten auf mächtigen Blitzdrachen",,Adeptos que han escuchado la llamada de la tormenta y han respondido. Cabalgan a lomos de poderosos dragones de relámpago.,,嵐の呼び声を聞き、それを受け入れたアデプト。強力な稲妻の鳥に乗っている,,폭풍의 부름을 듣고 받아들인 숙련가들은 강력한 번개 드레이크를 타고 다닙니다,,听到风暴的召唤并接受召唤的行家，骑着强大的闪电龙
Ride the Lightning,,Surféclair ,,Cavalca-fulmini,,Ritt auf dem Blitz,,Cabalgada de rayo,,雷撃,,전기 처형,,驾驭闪电,,,,50% chance for a crit to deal +60% damage,,50 % de chance pour que des dégâts critiques infligent +60 % de dégâts.,,50% di probabilità che un colpo critico infligga +60% danni,,50 % Chance auf +60 % Schaden bei kritischem Treffer,,50 % de probabilidad de que un crítico inflija un 60 % de daño adicional.,,50％の確率で、必殺ダメージ+60％,,50% 치명타 확률로 +60% 대미지를 입힙니다,,击有 50% 几率造成 +60% 伤害,
Catalyst,,Catalyste ,,Catalizzatore,,Katalysator,,Catalizador,,触媒,,촉매,,催化剂,,,,Crits against full health enemies deal +60% damage,,Les dégâts critiques infligés à des ennemis à max PV infligent +60 % de dégâts.,,i colpi critici contro nemici con tutta la salute infliggono +60% danni,,Kritische Treffer gegen Gegner bei vollen LP fügen +60 % Schaden zu,,los críticos contra enemigos con plena salud infligen un 60 % de daño adicional.,,PがMAXの敵に対する必殺ダメージ+60％,,완전 체력을 가진 적에 대한 치명타가 +60% 대미지를 입힙니다,,生命值满格的敌人暴击造成 +60% 伤害,
Windrunner,,Marchevent ,,Signore del vento,,Windläufer,,Correvientos,,ウィンドランナー,,윈드러너,,风行者,,,,,Lightning-fast spearfighters known by some to be 'stormblessed',,Des lanciers aussi rapides que l’éclair connu pour être « bénis des tempêtes ».,,"Lancieri veloci come saette. Alcuni li definiscono ""baciati dalla tempesta"".",,"Blitzschnelle Speerkämpfer, auch unter dem Namen „Sturmgesegnete“ bekannt",,"Lanceros ultrarrápidos conocidos por algunos por estar ""bendecidos por la tormenta"".",,「嵐の祝福を受けた」ことで知られる超高速の槍の使い手,,일부는 '폭풍의 축복'을 받았다고 알려진 번개처럼 빠른 창전사들,,具有闪电般速度的长矛兵，被一些人称为“风暴庇佑者”
Squall Strike,,Coup rafale ,,Colpo burrascoso,,Böiger Schlag,,Golpe de la borrasca,,突風の一撃,,질풍의 일격,,狂风斩,,,,50% chance to deal 1.3x damage,,"50 % de chance d'infliger 1,3x dégâts.",,"50% di probabilità di infliggere x1,3 danni",,"50 % Chance, 1,3-fachen Schaden zuzufügen",,"50 % de probabilidad de infligir daño x1,3.",,50％の確率で1.3倍のダメージを与える,,50% 확률로 1.3배 대미지를 입힙니다,,50% 几率造成 1.3 倍伤害,
Tempest Strike,,Coup tempête ,,Colpo tempestoso,,Stürmischer Schlag,,Golpe de la tempestad,,暴風の一撃,,폭설의 일격,,劈风斩,,,,50% chance to deal 1.3x damage,,"50 % de chance d'infliger 1,3x dégâts.",,"50% di probabilità di infliggere x1,3 danni",,"50 % Chance, 1,3-fachen Schaden zuzufügen",,"50% de probabilidad de infligir daño x1,3.",,50％の確率で1.3倍のダメージを与える,,50% 확률로 1.3배 대미지를 입힙니다,,50% 几率造成 1.3 倍伤害,
Astral Seeker,,Astralien ,,Signore astrale,,Astralsucher,,Buscador astral,,アストラルシーカー,,아스트랄 구도자,,星界探索者,,,,,Adepts who have nurtured their connection to the Astral Plane and mastered the power it provides,,Des adeptes qui ont fait maturer leur lien avec le Plan Astral et ont maitrisé sa puissance.,,Adepti che hanno coltivato la loro connessione al Piano astrale e ne padroneggiano i poteri.,,"Adepten, die ihre Verbindung zur Astralebene pflegen und die Macht beherrschen, die sie ihnen bietet",,Adeptos que han nutrido su conexión con el plano astral y han dominado el poder que les proporciona.,,霊的空間との交信を確立し、そこに存在する力を習得したアデプト,,아스트랄계와의 연결을 발전시키고 그것이 제공하는 힘을 마스터한 숙련자들,,培养成与星光界的联系并掌握了它提供的力量的行家
Phase Shift,,Déphasage ,,Onnipresente,,Phasenverschiebung,,Cambio de fase,,位相転移,,위상 이동,,相移,,,,Able to both cast and use crushing weapons.,,Peut à la fois lancer des sorts et utiliser des armes contondantes.,,può sia lanciare incantesimi che usare armi contundenti.,,Kann zaubern und zerschmetternde Waffen verwenden,,adquiere la capacidad de lanzar y usar armas aplastantes.,,砕系の武器について、投擲と打撃の両方が可能になる,,분쇄 무기 시전 및 사용 가능,,够投掷和使用粉碎武器。,
Cosmic Tides,,Marées cosmiques ,,Marea cosmica,,Kosmische Gezeiten,,Mareas cósmicas,,宇宙の鼓動,,우주의 조수,,宇宙潮汐,,,,30% chance to heal for 20% max hp and bypass 25% of resistances,,30 % de chance de soigner de 20 % des PV max et ignorer 25 % des résistances.,,30% di probabilità di guarire il 20% dei PS totali e ignorare il 25% di resistenza,,30 % Chance auf Heilung um 20 % der max. LP und Umgehen von 25 % der Widerstände,,30 % de probabilidad de curar un 20 % de los PS máximos y sortear el 25 % de las resistencias.,,30％の確率で最大HP20％を回復し、抵抗の25％を無視する,,30% 확률로 20%의 최대 HP 치유 및 25% 저항력 우회,,30% 的几率恢复 20% 的最大生命值并绕过 25% 的抗性,
,,,,,,,,,,,,,,,,,,,,,,,,,,,,,,,,,
,,,,,,,,,,,,,,,,,,,,,,,,,,,,,,,,,
,,,,,,,,,,,,,,,,,,,,,,,,,,,,,,,,,
,,,,,,,,,,,,,,,,,,,,,,,,,,,,,,,,,
Natural Leader,,Leader né ,,Propensione al comando,,Geborener Anführer,,Líder natural,,天性の指導者,,타고난 지도자,,天生领袖,,,,Allies within 2 tiles gain 6 xp when Irving defeats an enemy,,Les alliés à 2 cases de portée gagnent 6 d'expérience lorsqu' Irving élimine un ennemi.,,gli alleati entro 2 caselle ottengono 6 PE quando Irving sconfigge un nemico,,"Verbündete innerhalb von 2 Feldern erhalten 6 EP, wenn Irving einen Gegner besiegt",,los aliados a menos de 2 casillas obtienen 6 PS cuando Irving derrota a un enemigo.,,ービンが敵を倒すと、2マス以内にいる味方は6ポイントの経験値を獲得,,어빙이 적을 물리치면 2타일 이내의 동맹군이 6 경험치를 얻습니다,,欧文击败敌人时，2 格内盟友都可获得 6 个点经验值,
Silky Smooth,,Doux comme la soie ,,Liscio come l'olio,,Seidig glatt,,Suave como la seda,,見事な手さばき,,비단처럼 부드러움,,丝滑,,,,Crits deal an extra 15% damage,,Les dégâts critiques infligent +15 % de dégâts.,,i colpi critici infliggono +15% danni,,Kritische Treffer verursachen 15 % Schaden zusätzlich,,los críticos infligen un 15 % de daño adicional.,,殺時に15％の追加ダメージを与える,,치명타가 15% 추가 대미지를 입힙니다,,击造成额外 15% 点伤害,
Caretaker,,Soigneux ,,Infermiera,,Pflegekraft,,Cuidador,,慈愛の喜び,,간병인,,看护者,,,,healed for 40% of any heal given to another,,Soigné de 40 % de tout soin au bénéfice d'un autre.,,si guarisce del 40% di ogni guarigione effettuata,,heilt um 40 % der auf andere angewendeten Heilung,,se cura en un 40 % de cualquier curación que otorgue a otra unidad.,,のユニットに与えたヒーリング効果の40％分回復する,,다른 사람에게 제공되는 치유의 40%만큼 치유됩니다,,予任何治愈效果的 40%,
Slumbering Strength,,Force écrasante ,,Forza dormiente,,Schlafende Kraft,,Fuerza dormida,,育ち盛り,,잠자는 힘,,沉睡的力量,,,,Can't get less than 4 stats up when leveling,,Ne peut pas obtenir moins de 4 augmentations de statistiques en gagnant un niveau.,,migliora almeno 4 statistiche quando si sale di livello,,erhöht bei Levelanstieg mindestens 4 Werte,,se garantiza mejorar al menos 4 estadísticas al subir de nivel.,,ベルアップ時に上昇ステータスが4つ未満になることはない,,레벨링 시 스탯을 4개 미만으로 올릴 수 없습니다,,级时不能获得低于 4 个点的统计数据,
Barmaid,,Barmaid ,,Cameriera,,Schankmaid,,Camarera,,酒場の女,,여성 바텐더,,酒保,,,,+50% effect from healing items,,+50 % d'effet pour les objets de soin.,,+50% effetto degli oggetti curativi,,+50 % Wirkung von Heilgegenständen,,+50 % de efecto de los objetos curativos.,,復アイテムの効果+50％,,치유 아이템 효과 +50%,,50% 治愈道具的效果,
Soulfire,,Âme enflammée ,,Spirito fiammeggiante,,Seelenfeuer,,Alma de fuego,,魂の火,,영혼의 불,,灵魂之火,,,,Elias has a small independent crit chance,,Elias a une petite chance indépendante d'infliger des dégâts critiques.,,Elias ha una piccola probabilità indipendente di sferrare un colpo critico,,Elias hat eine geringe eigenständige Chance auf kritischen Treffer,,Elias adquiere una pequeña probabilidad de crítico independiente.,,リアスは、小さな独立した数値の必殺チャンスを持つ,,엘리아가 약간의 독립적 치명타 가능성을 가집니다,,利亚斯有很小的独立暴击几率,
Fierce Momentum,,Charge vaillante ,,Slancio feroce,,Gefährlicher Schwung,,Impulso feroz,,苛烈攻勢,,격렬한 모멘텀,,猛烈势头,,,,Damage increased by tiles moved this turn.,,Dégâts augmentés par le nombre de cases parcourues ce tour.,,i danni aumentano a seconda delle caselle di cui si è mossa in questo turno,,Schaden erhöht sich um die in dieser Runde zurückgelegten Felder,,el daño aumenta según las casillas que se haya movido en el turno actual.,,動したマスの分だけ、そのターンのダメージが増加する,,이번 턴에 이동한 타일에 따라 대미지가 증가합니다.,,回合移动的格子会增加伤害效果。,
Vindication,,Justification ,,Vendetta,,Rechtfertigung,,Vindicación,,正当の証,,해명,,辩护,,,,Magic increased by 20% of Strength,,Magie augmentée de 20 % de la force,,magia +20% del valore di forza,,Magie steigt um 20 % der Kraft,,la magia aumenta en un 20 % de la fuerza.,,力が筋力の20％分増加する,,마법이 힘의 20% 증가합니다,,法增加了 20% 的力量,
Ferret's Fury,,Furie du furet ,,Furia del furetto,,Wieselwut,,Furia del hurón,,フェレットの怒り,,페렛의 분노,,雪貂之怒,,,,15% chance for butter to attack too,,Margarine a aussi 15 % de chance d'attaquer.,,15% di probabilità che anche Burro attacchi,,15 % auf zusätzlichen Angriff von Butter,,15 % de probabilidad de que Mantequilla ataque también.,,5％の確率でバターも攻撃に参加する,,버터도 공격할 확률 15%,,油也有 15% 的攻击几率,
Sweet Talker,,Beau parleur ,,Melliflua,,Süßholz raspeln,,Conversador agradable,,甘い誘惑,,아첨꾼,,甜言蜜语,,,,Hit chance +15% when in melee range,,Probabilité de toucher l'adversaire +15 % au corps à corps.,,+15% di probabilità di colpire in mischia,,Trefferchance +15 % in Nahkampfreichweite,,+15 % de probabilidad de impacto cuando está en distancia de cuerpo a cuerpo.,,接射程の敵に命中率+15％,,근거리일 때 적중 확률 +15%,,战范围内命中率提升 +15%,
Midnight Intel,,Espionnage de nuit ,,Intelletto notturno,,Mitternachtsinfo,,Información de medianoche,,極秘助言,,한밤중의 정보,,午夜情报,,,,Allies within 2 tiles gain +8% Mastery,,Les alliés à 2 de portée gagnent +8 % de maitrise.,,+8% maestria degli alleati entro 2 caselle,,Verbündete innerhalb von 2 Feldern erhalten +8 % Meisterschaft,,los aliados a menos de 2 casillas obtienen un 8 % de maestría adicional.,,マス以内にいる味方の熟練度+8％,,2타일 이내의 동맹군이 숙달 +8% 획득,, 格内盟友获得 +8% 精通值,
Royal Decree,,Décret royal ,,Decreto reale,,Königlicher Erlass,,Real decreto,,王家の政令,,칙령,,皇家法令,,,,Attacking leaves a mark on enemies increasing damage taken by %,,Les attaques marquent l'ennemi et augmentent le % des dégâts subséquents infligés.,,attaccando lascia un marchio sui nemici che aumenta i danni subiti del 10%,,Angriffe hinterlasse eine Markierung beim Gegner und erhöhen den erlittenen Schaden um %,,"los enemigos quedan marcados al atacarlos, lo que aumenta porcentualmente el daño que reciben.",,撃すると敵にマークが残り、受けるダメージが[X]％増加する,,공격 시 적에게 표식을 남기고 받는 대미지 %를 증가시킵니다,,击会在敌人身上留下印记，从而使受到的伤害增加 %,
Royal Grace,,Grâce royale ,,Grazia reale,,Königliche Gnade,,Gracia real,,王家の品格,,성은,,皇家恩典,,,,Move +1,,Mouvement +1.,,+1 movimento,,Bewegung +1,,+1 de movimiento.,,動+1,,이동 +1,,动范围增加 +1,
Killer Instinct,,Instinct du tueur ,,Istinto omicida,,Killerinstinkt,,Instinto asesino,,直感の囁き,,킬러 본능,,杀手本能,,,,Crit Modifier increased against full health enemies,,Le modificateur de dégâts critiques est augmenté contre des ennemis à PV max.,,il modificatore colpo critico aumenta contro i nemici con tutta la salute,,Krit-Modifikator steigt gegen Feinde mit vollen LP,,el modificador de crítico aumenta contra enemigos con plena salud.,,Pが最大の敵に対し、必殺修正値が増加する,,치명타 조정자가 완전 체력 적에 대해 증가합니다,,生命值满格的敌人的暴击力量调整增加,
Battle Maiden,,Combattante ,,Fanciulla guerriera,,Schildmaid,,Doncella de batalla,,戦乙女,,전투 첫 무대,,战斗少女,,,,Allies within 2 tiles gain +8% power,,Les alliés à 2 cases de portée gagnent +8 % de puissance.,,+8% potenza degli alleati entro 2 caselle,,Verbündete innerhalb von 2 Feldern erhalten +8 % Macht,,los aliados a menos de 2 casillas obtienen un 8 % de poder adicional.,,マス以内にいる味方の威力+8％,,2타일 이내의 동맹군이 +8% 파워를 획득합니다,, 格内盟友获得 +8% 的能量,
Born Heir,,Héritier ,,Erede,,Erbe,,Heredera de nacimiento,,後継者,,계승자,,天生传承,,,,HP increased by half of mastery,,PV augmentés par la moitié de la maitrise.,,i PS aumentano della metà della maestria,,LP steigen um die Hälfte der Meisterschaft,,los PS aumentan la mitad de la maestría.,,Pが熟練度の半分だけ増加する,,HP가 숙달의 절반만큼 증가,,助一半精通值提升生命值,
Literally the Best,,"Le meilleur, point barre ",,Letteralmente il migliore,,An der Spitze,,Literalmente la mejor,,最高の男,,말 그대로 최고,,字面上最好的,,,,Every unit with a lower level increases crit,,Chaque unité de niveau inférieur augmente les dégâts critiques.,,aumenta colpo critico di ogni unità con un livello più basso,,jede Einheit mit niedrigerem Level erhöht Krit,,cada unidad con un nivel más bajo aumenta el crítico.,,分よりレベルが低いすべてのユニットの必殺率を増加させる,,레벨이 낮은 모든 유닛의 치명타가 증가합니다,,个带较低级别的单位都会增加暴击率,
Pull Up,,Rapprochement ,,Prerogativa,,Näherrücken,,Levantar el vuelo,,見事な静止,,오르막,,上拉,,,,Accuracy +20% after moving,,Précision +20 % après mouvement.,,+20% precisione dopo essersi mosso,,Präzision +20 % nach Bewegung,,+20 % de precisión después de moverse.,,動すると、命中+20％,,이동 후 정확도 20% 증가,,动后准确度提升 +20%,
Eternal Resolve,,Détermination infinie ,,Risolutezza eterna,,Ewiger Entschluss,,Determinación eterna,,永遠の決意,,영원한 다짐,,永恒的决心,,,,Grants adjacent allies +15% fortitude,,Confère +15 % de courage aux alliés adjacents.,,+15% tempra agli alleati adiacenti,,gewährt benachbarten Verbündeten +15 % Standhaftigkeit,,otorga a los aliados adyacentes un 15 % de fortaleza adicional.,,接する味方の精神力+15％,,인접한 동맹군에게 +15% 의지 부여,,予相邻盟友 +15% 勇气,
Inner Strength,,Force intérieure ,,Forza interiore,,Innere Kraft,,Fuerza interior,,内なる強さ,,내면의 힘,,内在力量,,,,Healed for 10% of crit damage,,soigné de 10 % des dégâts critiques.,,si guarisce per il 10% dei danni dei colpi critici,,Heilt um 10 % von kritischem Schaden,,se cura en un 10 % del daño crítico.,,殺ダメージの際、10％回復する,,치명타 대미지의 10% 치유,,愈恢复 10% 的暴击伤害,
Chaotic Energy,,Énergie du chaos ,,Energia caotica,,Chaotische Energie,,Energía caótica,,混沌の力,,혼돈 에너지,,混乱能量,,,,Allies within 2 tiles gain 8% crit,,Les alliés à 2 cases de portée gagnent +8 % de dégâts critiques.,,+8% colpo critico agli alleati entro 2 caselle,,Verbündete innerhalb von 2 Feldern erhalten +8 % Krit,,los aliados a menos de 2 casillas obtienen un 8 % de crítico.,,マス以内にいる味方の必殺率+8％,,2타일 이내의 동맹군이 8% 치명타를 획득합니다,, 格内盟友获得 8% 暴击能量,
Sailor's Swerve,,Tangage du marin ,,Schivata del marinaio,,Seemansgang,,Desvío del marinero,,船乗りの舵さばき,,항해자의 탈선,,水手转向,,,,8% standalone chance to dodge,,8 % de chance séparée d'esquiver.,,8% di probabilità di schivare,,"8 % Chance, allein auszuweichen",,8 % de probabilidad independiente de esquivar.,,％の独立した回避率を持つ,,8%의 단독 회피 확률,,% 的独立闪避几率,
Diplomatic Immunity,,Immunité diplomatique ,,Immunità diplomatica,,Diplomatische Immunität,,Inmunidad diplomática,,外交特権,,외교관 면책 특권,,策略免疫,,,,Defetaing an enemy grants +30% dodge for a turn,,Éliminer un ennemi confère +30 % d'esquive pour 1 tour.,,sconfiggere un nemico fornisce +30% schivata per un turno,,Sieg über einen Gegner gewährt für 1 Runde +30 % Ausweichen,,vencer a un enemigo otorga un 30 % de evasión adicional durante un turno.,,を倒すと、1ターンの間回避率+30％,,적을 물리치면 한 턴 동안 +30% 회피가 부여됩니다,,败敌人获得一回合内 +30% 躲避能量,
Ancient Blood,,Sang des anciens ,,Sangue antico,,Uraltes Blut,,Sangre antigua,,古代の血脈,,고대의 혈통,,远古之血,,,,Can't take more than 30% of max HP in one hit,,Ne peut pas perdre plus de 30 % des PV max en un coup.,,non può subire danni superiori al 30% dei PS totali in un singolo colpo,,Erleidet nicht mehr als 30 % der max. LP Schaden pro Treffer,,impide quitar más del 30 % de los PS máximos con un solo golpe.,,回の攻撃から最大HPの30％以上のダメージは受けない,,한 번의 적중이 최대 HP의 30%를 넘을 수 없습니다,,击不能消耗超过最大生命值的 30%,
Might of the Mountain,,Force de montagne ,,Forza della montagna,,Berggewalt,,Poder de la montaña,,山の如く,,산의 힘,,山之威,,,,Damage increased by 20% of level,,Dégâts augmentés de 20 % du niveau.,,danni +20% del livello,,Schaden steigt um 20 % des Levels,,el daño aumenta en un 20 % del nivel.,,えるダメージがレベルの20％分増加する,,대미지가 레벨의 20% 증가합니다,,害提升 20% 的等级,
Lethal Expertise,,Expertise mortelle ,,Competenza letale,,Tödliches Wissen,,Experiencia letal,,急所の知識,,치명적인 전문성,,致命专长,,,,Mastery further increases armor penetration,,La maitrise augmente la pénétration d'armure.,,maestria aumenta ulteriormente la penetrazione armatura,,Meisterschaft erhöht Durchschlagskraft weiter,,la maestría aumenta aún más la penetración de armadura.,,練度により、鎧の貫通力が増加する,,숙달이 갑옷 관통력을 더욱 증가시킵니다,,通进一步增加护甲穿透能力,
Unnoticed,,Furtif ,,Invisibile,,Unbemerkt,,Desapercibido,,隠れ身,,무시,,不起眼,,,,Less likely to be attacked by enemies,,Moins susceptible d'être pris pour cible par les ennemis.,,meno probabile che venga attaccata dai nemici,,Wahrscheinlichkeit der Angriffe von Gegnern sinkt,,reduce la probabilidad de ser atacado por los enemigos.,,に狙われる確率が低くなる,,적에게 공격받을 가능성이 작음,,太可能被敌人攻击,
Competitor,,Compétiteur ,,Concorrente,,Rivale,,Competidor,,闘争心,,경쟁자,,竞争者,,,,"Kills grant 3% crit chance, stacking in level",,"Les éliminations confèrent +3 % de chance de critique, s'accumule par niveau.",,"le uccisioni forniscono 3% di probabilità di colpo critico, accumulandosi di livello",,"getötete Gegner gewähren 3 % Krit-Chance, stapelbar pro Level",,"las muertes otorgan un 3 % de probabilidad de crítico, acumulándose en el nivel.",,を撃破すると必殺率が3％上がる。レベルが上がらない限り効果は累積,,사살이 3% 치명타 확률을 부여하고 레벨에 따라 중첩됩니다,,杀赋予 3% 暴击率，等级叠加,
Eternal Poise,,Calme éternel ,,Compostezza eterna,,Ewige Balance,,Equilibrio eterno,,永遠の均衡,,영원한 평정,,永恒平稳,,,,Defense increased by 10% of Magic,,Défense augmentée de 10 % de la magie.,,difesa +10% del valore di magia,,Verteidigung steigt um 10 % der Magie,,la defensa aumenta en un 10 % de la magia.,,御力が魔力の10％分増加する,,방어가 마법의 10% 증가,,御增加 10% 的魔法力量,
Deafening Silence,,Silence assourdissant ,,Silenzio assordante,,Betäubende Stille,,Silencio ensordecedor,,完全なる静寂,,묵묵부답,,震耳欲聋的沉默,,,,Fortitude +25%,,Courage +25 %.,,+25% tempra,,Standhaftigkeit + 25 %,,+25 % de fortaleza.,,神力+25％,,의지 +25%,,气增加 +25%,
Critical,,Crit,,Crit,,Krit.,,CRÍT,,必殺,,치명타,,爆击,,,,,,,,,,,,,,,,,,,
,,,,,,,,,,,,,,,,,,,,,,,,,,,,,,,,,
,,,,,,,,,,,,,,,,,,,,,,,,,,,,,,,,,
,,,,,,,,,,,,,,,,,,,,,,,,,,,,,,,,,
,,,,,,,,,,,,,,,,,,,,,,,,,,,,,,,,,
Aethe's Chill,Aspect of Ice,Sang Froid d'Aethe ,Aspect de la Glace,Brivido di Aethe,Cimelio del ghiaccio,Aethes Kühle,Aspekt Eis,El frío de Aethe,aspecto de hielo,アーセの寒気,結の霊石,애테의 냉기,얼음의 상,艾瑟的寒意,之相力,,,Grants 40% resistance to fire magic.,,Confère 40 % de résistance à la magie du feu.,,Fornisce il 40% di resistenza alla magia del fuoco,,Gewährt 40 % Widerstand gegen Feuermagie,,Otorga un 40 % de resistencia a la magia de fuego.,,火炎魔法に対して40％の耐性を付与する,,화염 마법에 40% 저항력을 부여합니다,,获得 40% 的火焰魔法抗性。
Cassara's Blaze,Aspect of Flame,Déflagration de Cassara ,Aspect de la Flamme,Vampata di Cassara,Cimelio del fuoco,Cassaras Lohe,Aspekt Flamme,El incendio de Cassara,aspecto de llama,カッサラの業火,焼の霊石,카사라의 섬광,불꽃의 상,卡萨拉烈焰,焰相力,,,10% chance to do 1.5x damage,,"10 % de chance de multiplier les dégâts par 1,5",,"10% di probabilità di infliggere danni x1,5",,"10 % Chance, 1,5fachen Schaden zu verursachen",,"10 % de probabilidad de infligir daño x1,5.",,10％の確率で1.5倍のダメージを与える,,10% 확률로 1.5배 대미지,,10% 的机会造成 1.5x 伤害
Izn's Hope,Aspect of Peace,Espérance ,Aspect de la Paix,Speranza di Izn,Cimelio della pace,Izns Hoffnung,Aspekt Frieden,La esperanza de Izn,aspecto de paz,イズンの希望,和の霊石,이즌의 희망,평화의 상,伊兹恩之希望,平相力,,,Grants 40% resistance to holy magic,,Confère 40 % de résistance à la magie sainte.,,Fornisce il 40% di resistenza alla magia sacra,,Gewährt 40 % Widerstand gegen heilige Magie,,Otorga un 40 % de resistencia a la magia sagrada.,,光魔法に対して40％の耐性を付与する,,신성 마법에 40% 저항력을 부여합니다,,获得 40% 的神圣魔法抗性
Pelagiel's Flash,Aspect of Lightning,Foudre de Pelagiel ,Aspect de l'Éclair,Bagliore di Pelagiel,Cimelio del fulmine,Pelagiels Blitzlicht,Aspekt Blitz,El destello de Pelagiel,aspecto de rayo,ペラギエルの閃光,撃の霊石,펠라기엘의 섬광,번개의 상,佩拉吉尔之闪光,电相力,,,"If doubling, second attack deals 25% increased damage",,"En cas de double attaque, la deuxième inflige 25 % de dégâts supplémentaires",,"In caso di doppio attacco, i danni inflitti con il secondo attacco aumentano del 25%",,Bei Doppelangriff fügt der zweite Angriff 25 % mehr Schaden zu,,"En ataques dobles, el segundo ataque inflige un 25 % más de daño.",,2回攻撃の時、2回目でダメージが25％増加する,,"이중 공격일 경우, 두 번째 공격은 25% 증가한 대미지를 입힙니다",,如果加倍，第二次攻击造成的伤害提高 25%
Prisbel's Rumble,Aspect of Thunder,Vacarme de Prisbel ,Aspect du Tonnerre,Boato di Prisbel,Cimelio del tuono,Prisbels Grollen,Aspekt Donner,El estruendo de Prisbel,aspecto de trueno,プリズベルの雷鳴,妻の霊石,프리스벨의 고성,천둥의 상,普里斯贝尔的隆隆声,霆相力,,,Grants 40% resistance to storm magic.,,Confère 40 % de résistance à la magie des tempêtes.,,Fornisce il 40% di resistenza alla magia del fulmine,,Gewährt 40 % Widerstand gegen Sturmmagie,,Otorga un 40 % de resistencia a la magia de tormenta.,,嵐魔法に対して40％の耐性を付与する,,폭풍 마법에 40% 저항력을 부여합니다,,获得 40% 的风暴魔法抗性。
Shamac's Tide,Aspect of the Sea,Marée de Shamac ,Aspect de l'Océan,Marea di Shamac,Cimelio del mare,Shamacs Gezeiten,Aspekt Meer,La marea de Shamac,aspecto de mar,シャマックの潮汐,洋の霊石,샤맥의 조수,바다의 상,沙麦克之潮,海相力,,,Dodging heals 5 HP,,Esquiver soigne de 5 PV,,Schivare guarisce 5 PS,,Ausweichen heilt 5 TP,,Al esquivar se curan 5 PS,,攻撃を回避すると、HPを5回復する,,회피하면 5 HP가 치유됩니다,,躲闪治疗 5 的生命值
Yl'mar's Faith,Aspect of Conviction,Foi de Yl'mar,Aspect de la Conviction,Fede di Yl'mar,Cimelio della condanna,Yl‘mars Glaube,Aspekt Überzeugung,La fe de Yl'mars,aspecto de convicción,イルマーの信仰,念の霊石,일마르스의 믿음,신념의 상,伊尔马尔斯信仰,念相力,,,Grants 40% resistance to arcane magic,,Confère 40 % de résistance à la magie des arcanes,,Fornisce il 40% di resistenza alla magia arcana,,Gewährt 40 % Widerstand gegen arkane Magie,,Otorga un 40 % de resistencia a la magia arcana.,,呪術魔法に対して40％の耐性を付与する,,비전 마법에 40% 저항력을 부여합니다,,获得 40% 对奥术魔法的抗性
